Date,AdjClose
2004/3/24	32.02299881
2004/3/25	32.00299835
2004/3/26	32.01100159
2004/3/29	31.97800064
2004/3/30	31.95199966
2004/3/31	31.67300034
2004/4/1	31.73699951
2004/4/2	31.69799995
2004/4/5	31.70599937
2004/4/6	31.74399948
2004/4/7	31.6439991
2004/4/8	31.66799927
2004/4/13	31.53199959
2004/4/14	31.65699959
2004/4/15	31.73999977
2004/4/16	31.90999985
2004/4/19	31.66300011
2004/4/20	31.68499947
2004/4/21	31.7329998
2004/4/22	31.81699944
2004/4/23	31.84799957
2004/4/26	31.79199982
2004/4/27	31.81599998
2004/4/28	31.79400063
2004/4/29	32.02299881
2004/4/30	32.02000046
2004/5/3	32.06000137
2004/5/4	32.01300049
2004/5/5	31.99699974
2004/5/6	32.01100159
2004/5/7	32.06399918
2004/5/10	32.29499817
2004/5/11	32.41199875
2004/5/12	32.22299957
2004/5/13	32.33800125
2004/5/14	32.38999939
2004/5/17	32.46699905
2004/5/18	32.43099976
2004/5/19	32.32300186
2004/5/21	32.31299973
2004/5/24	32.3030014
2004/5/25	32.3409996
2004/5/26	32.30199814
2004/5/27	32.28300095
2004/5/28	32.22000122
2004/6/1	32.22499847
2004/6/2	32.33599854
2004/6/3	32.34700012
2004/6/4	32.36299896
2004/6/7	32.2859993
2004/6/8	32.24900055
2004/6/9	32.22499847
2004/6/10	32.31499863
2004/6/11	32.33100128
2004/6/14	32.42300034
2004/6/15	32.44499969
2004/6/16	32.44499969
2004/6/17	32.47000122
2004/6/18	32.52099991
2004/6/21	32.54499817
2004/6/22	32.52799988
2004/6/23	32.53099823
2004/6/24	32.45800018
2004/6/25	32.4109993
2004/6/28	32.49900055
2004/6/29	32.51200104
2004/6/30	32.54299927
2004/7/1	32.50099945
2004/7/2	32.48199844
2004/7/5	32.47299957
2004/7/6	32.50799942
2004/7/7	32.49200058
2004/7/8	32.51300049
2004/7/9	32.51499939
2004/7/12	32.4980011
2004/7/13	32.36700058
2004/7/14	32.56999969
2004/7/15	32.76699829
2004/7/16	32.65200043
2004/7/19	32.66400146
2004/7/20	32.75500107
2004/7/21	32.71500015
2004/7/22	32.76499939
2004/7/23	32.81499863
2004/7/26	32.875
2004/7/27	32.89699936
2004/7/28	32.87200165
2004/7/29	32.94499969
2004/7/30	32.89799881
2004/8/2	32.88199997
2004/8/3	32.84000015
2004/8/4	32.92100143
2004/8/5	32.93399811
2004/8/6	32.90399933
2004/8/9	32.89400101
2004/8/10	32.88399887
2004/8/11	32.93799973
2004/8/12	32.90800095
2004/8/13	32.94800186
2004/8/16	32.95600128
2004/8/17	32.97600174
2004/8/18	32.94599915
2004/8/19	32.84199905
2004/8/20	32.82400131
2004/8/23	32.84999847
2004/8/24	32.82500076
2004/8/25	32.79600143
2004/8/26	32.75299835
2004/8/27	32.79399872
2004/8/30	32.74200058
2004/8/31	32.77099991
2004/9/1	32.72100067
2004/9/2	32.67200089
2004/9/3	32.66899872
2004/9/6	32.69400024
2004/9/7	32.69800186
2004/9/8	32.65499878
2004/9/9	32.68199921
2004/9/10	32.68500137
2004/9/13	32.69900131
2004/9/14	32.63999939
2004/9/15	32.58599854
2004/9/16	32.59899902
2004/9/17	32.70800018
2004/9/20	32.64400101
2004/9/21	32.70500183
2004/9/22	32.67699814
2004/9/23	32.74700165
2004/9/24	32.76499939
2004/9/27	32.76599884
2004/9/28	32.78300095
2004/9/29	32.77199936
2004/9/30	32.72000122
2004/10/1	32.7120018
2004/10/4	32.69499969
2004/10/5	32.68600082
2004/10/6	32.68600082
2004/10/7	32.68500137
2004/10/8	32.64599991
2004/10/11	32.61299896
2004/10/12	32.60200119
2004/10/13	32.65000153
2004/10/14	32.65100098
2004/10/15	32.6570015
2004/10/18	32.66799927
2004/10/19	32.6570015
2006/5/16	31.8029995
2006/5/17	31.5720005
2006/5/18	31.85099983
2006/5/19	31.95000076
2006/5/22	32.13999939
2006/5/23	31.98999977
2006/5/24	32.04499817
2006/5/25	32.125
2006/5/26	32.03099823
2006/5/29	32.07500076
2006/5/30	32.13499832
2006/5/31	32.03499985
2006/6/1	32.09999847
2006/6/2	31.96999931
2006/6/5	32.08499908
2006/6/6	32.05199814
2006/6/7	32.25
2006/6/8	32.54999924
2006/6/9	32.43999863
2006/6/12	32.54199982
2006/6/13	32.67499924
2006/6/14	32.59000015
2006/6/15	32.52999878
2006/6/16	32.54000092
2006/6/19	32.59000015
2006/6/20	32.5929985
2006/6/21	32.62400055
2006/6/22	32.63299942
2006/6/23	32.70500183
2006/6/26	32.77500153
2006/6/27	32.65399933
2006/6/28	32.64599991
2006/6/29	32.61000061
2006/6/30	32.3769989
2006/7/3	32.29700089
2006/7/4	32.23199844
2006/7/5	32.375
2006/7/6	32.48500061
2006/7/7	32.39599991
2006/7/10	32.36500168
2006/7/11	32.44400024
2006/7/12	32.52000046
2006/7/13	32.57500076
2006/7/14	32.67200089
2006/7/17	32.85699844
2006/7/18	32.86100006
2006/7/19	32.92499924
2006/7/20	32.74300003
2006/7/21	32.70000076
2006/7/24	32.84600067
2006/7/25	32.79000092
2006/7/26	32.84700012
2006/7/27	32.79499817
2006/7/28	32.82500076
2006/7/31	32.79199982
2006/8/1	32.85499954
2006/8/2	32.90000153
2006/8/3	32.91500092
2006/8/4	32.77000046
2006/8/7	32.84999847
2006/8/8	32.81399918
2006/8/9	32.77000046
2006/8/10	32.60499954
2006/8/11	32.68000031
2006/8/14	32.73699951
2006/8/15	32.74499893
2006/8/16	32.73600006
2006/8/17	32.6269989
2006/8/18	32.65000153
2006/8/21	32.68799973
2006/8/22	32.77500153
2006/8/23	32.77500153
2006/8/24	32.83499908
2006/8/25	32.90999985
2006/8/28	32.91400146
2006/8/29	32.87099838
2006/8/30	32.89899826
2006/8/31	32.89699936
2006/9/1	32.8730011
2006/9/4	32.73899841
2006/9/5	32.76300049
2006/9/6	32.79999924
2006/9/7	32.85499954
2006/9/8	32.93999863
2006/9/11	32.91400146
2006/9/12	32.90000153
2006/9/13	32.88700104
2006/9/14	32.90800095
2006/9/15	32.93000031
2006/9/18	32.92900085
2006/9/19	32.89599991
2006/9/20	32.90299988
2006/9/21	32.89199829
2006/9/22	32.93000031
2006/9/25	32.93500137
2006/9/26	32.97499847
2006/9/27	32.95800018
2006/9/28	33.03499985
2006/9/29	33.09000015
2006/10/2	33.125
2006/10/3	33.09500122
2006/10/4	33.15000153
2006/10/5	33.17499924
2006/10/6	33.0890007
2006/10/9	33.09000015
2006/10/10	33.125
2006/10/11	33.32500076
2006/10/12	33.27999878
2006/10/13	33.11999893
2006/10/16	33.26499939
2006/10/17	33.18999863
2006/10/18	33.17499924
2006/10/19	33.20500183
2006/10/20	33.18999863
2006/10/23	33.31499863
2006/10/24	33.31499863
2006/10/25	33.32500076
2006/10/26	33.29999924
2006/10/27	33.27000046
2006/10/30	33.32500076
2006/10/31	33.26300049
2006/11/1	33.17499924
2006/11/2	33.02799988
2006/11/3	32.90999985
2006/11/6	32.94499969
2006/11/7	32.81399918
2006/11/8	32.86000061
2006/11/9	32.92499924
2006/11/10	32.77000046
2006/11/13	32.72999954
2006/11/14	32.75999832
2006/11/15	32.81100082
2006/11/16	32.86999893
2006/11/17	32.91999817
2006/11/20	32.93500137
2006/11/21	32.86500168
2006/11/22	32.80500031
2006/11/23	32.7840004
2006/11/24	32.72000122
2006/11/27	32.77000046
2006/11/28	32.71500015
2006/11/29	32.52000046
2006/11/30	32.34000015
2006/12/1	32.33000183
2006/12/4	32.40000153
2006/12/5	32.32500076
2006/12/6	32.29999924
2006/12/7	32.35499954
2006/12/8	32.38000107
2006/12/11	32.4640007
2006/12/12	32.46900177
2006/12/13	32.51300049
2006/12/14	32.56999969
2006/12/15	32.58000183
2006/12/18	32.59000015
2006/12/19	32.72499847
2006/12/20	32.67499924
2006/12/21	32.625
2006/12/22	32.58000183
2006/12/25	32.67499924
2006/12/26	32.63000107
2006/12/27	32.67499924
2006/12/28	32.68500137
2006/12/29	32.58000183
2007/1/1	32.57500076
2007/1/2	32.41500092
2007/1/3	32.40299988
2007/1/4	32.54499817
2007/1/5	32.65999985
2007/1/8	32.66500092
2007/1/9	32.70500183
2007/1/10	32.73500061
2007/1/11	32.77999878
2007/1/12	32.74000168
2007/1/15	32.79999924
2007/1/16	32.79999924
2007/1/17	32.79999924
2007/1/18	32.81999969
2007/1/19	32.83000183
2007/1/22	32.96500015
2007/1/23	32.98500061
2007/1/24	32.98500061
2007/1/25	32.89500046
2007/1/26	32.95000076
2007/1/29	33
2007/1/30	33.00500107
2007/1/31	32.96500015
2007/2/1	32.96500015
2007/2/2	32.90000153
2007/2/5	32.95000076
2007/2/6	32.98500061
2007/2/7	33.03499985
2007/2/8	33.04999924
2007/2/9	32.97999954
2007/2/12	33.07500076
2007/2/13	33.125
2007/2/14	33.02000046
2007/2/15	32.95000076
2007/2/16	32.97999954
2007/2/19	33.03499985
2007/2/20	33.03499985
2007/2/21	33
2007/2/22	33.09999847
2007/2/23	33.08000183
2007/2/26	33.01499939
2007/2/27	32.98500061
2007/2/28	32.98500061
2007/3/1	32.93000031
2007/3/2	32.9640007
2007/3/5	32.92499924
2007/3/6	33.00500107
2007/3/7	33.02000046
2007/3/8	32.94499969
2007/3/9	33.04999924
2007/3/12	33.06999969
2007/3/13	33
2007/3/14	33.02000046
2007/3/15	33.07500076
2007/3/16	33.13000107
2007/3/19	33.13999939
2007/3/20	33.18000031
2007/3/21	33.14500046
2007/3/22	32.99000168
2007/3/23	33.06000137
2007/3/26	33.06999969
2007/3/27	33.08000183
2007/3/28	33.07500076
2007/3/29	33.06000137
2007/3/30	33.08000183
2007/4/2	33.125
2007/4/3	33.15999985
2007/4/4	33.125
2007/4/5	33.125
2007/4/6	33.125
2007/4/9	33.11000061
2007/4/10	33.125
2007/4/11	33.09999847
2007/4/12	33.17499924
2007/4/13	33.13999939
2007/4/16	33.20000076
2007/4/17	33.20000076
2007/4/18	33.16999817
2007/4/19	33.17499924
2007/4/20	33.15999985
2007/4/23	33.20999908
2007/4/24	33.20999908
2007/4/25	33.23500061
2007/4/26	33.27000046
2007/4/27	33.25
2007/4/30	33.30500031
2007/5/1	33.25
2007/5/2	33.25
2007/5/3	33.31999969
2007/5/4	33.27000046
2007/5/7	33.25500107
2007/5/8	33.29999924
2007/5/9	33.29000092
2007/5/10	33.35499954
2007/5/11	33.29999924
2007/5/14	33.30500031
2007/5/15	33.35499954
2007/5/16	33.36500168
2007/5/17	33.34999847
2007/5/18	33.34999847
2007/5/21	33.41500092
2007/5/22	33.43000031
2007/5/23	33.41500092
2007/5/24	33.34000015
2007/5/25	33.24000168
2007/5/28	33.25
2007/5/29	33.04999924
2007/5/30	33.02000046
2007/5/31	33.07500076
2007/6/1	32.99000168
2007/6/4	33.06999969
2007/6/5	33.01499939
2007/6/6	33.06999969
2007/6/7	33.07500076
2007/6/8	32.99000168
2007/6/11	33.00600052
2007/6/12	33.02000046
2007/6/13	33.07500076
2007/6/14	33.18000031
2007/6/15	33.13999939
2007/6/18	33.16799927
2007/6/19	33.15499878
2007/6/20	33.0019989
2007/6/21	32.72000122
2007/6/22	32.75
2007/6/25	32.75899887
2007/6/26	32.75400162
2007/6/27	32.77999878
2007/6/28	32.83000183
2007/6/29	32.81000137
2007/7/2	32.75999832
2007/7/3	32.77000046
2007/7/4	32.79999924
2007/7/5	32.77500153
2007/7/6	32.81000137
2007/7/9	32.77999878
2007/7/10	32.77000046
2007/7/11	32.76399994
2007/7/12	32.84400177
2007/7/13	32.79000092
2007/7/16	32.83499908
2007/7/17	32.84700012
2007/7/18	32.81100082
2007/7/19	32.81999969
2007/7/20	32.79999924
2007/7/23	32.79999924
2007/7/24	32.75999832
2007/7/25	32.81900024
2007/7/26	32.875
2007/7/27	32.92499924
2007/7/30	32.76200104
2007/7/31	32.88999939
2007/8/1	32.89899826
2007/8/2	32.86500168
2007/8/3	32.9090004
2007/8/6	32.90999985
2007/8/7	32.91199875
2007/8/8	32.93999863
2007/8/9	32.92399979
2007/8/10	32.95999908
2007/8/13	32.97000122
2007/8/14	32.98500061
2007/8/15	33.04999924
2007/8/16	32.99000168
2007/8/17	32.84000015
2007/8/20	32.82799911
2007/8/21	33.04000092
2007/8/22	32.97800064
2007/8/23	32.99200058
2007/8/24	32.97000122
2007/8/27	32.97999954
2007/8/28	33.04999924
2007/8/29	33.02999878
2007/8/30	33.06000137
2007/8/31	32.99000168
2007/9/3	33.00999832
2007/9/4	33.06999969
2007/9/5	33.09000015
2007/9/6	33.02500153
2007/9/7	33.04000092
2007/9/11	33.08000183
2007/9/12	33.06100082
2007/9/13	33.07300186
2007/9/14	33.08000183
2007/9/17	33.12200165
2007/9/18	33.09999847
2007/9/19	33.09000015
2007/9/20	33.11000061
2007/9/21	32.95000076
2007/9/24	32.90000153
2007/9/25	33
2007/9/26	32.95000076
2007/9/27	32.86999893
2007/9/28	32.5890007
2007/10/1	32.60499954
2007/10/2	32.58499908
2007/10/3	32.61999893
2007/10/4	32.59000015
2007/10/5	32.59999847
2007/10/8	32.63000107
2007/10/9	32.63999939
2007/10/10	32.59999847
2007/10/11	32.56000137
2007/10/12	32.58000183
2007/10/15	32.63000107
2007/10/16	32.69499969
2007/10/17	32.65399933
2007/10/18	32.63999939
2007/10/19	32.59000015
2007/10/22	32.58000183
2007/10/23	32.59500122
2007/10/24	32.61000061
2007/10/25	32.53499985
2007/10/26	32.43999863
2007/10/29	32.43899918
2007/10/30	32.45000076
2007/10/31	32.30699921
2007/11/1	32.47000122
2007/11/2	32.41600037
2007/11/5	32.45000076
2007/11/6	32.42499924
2007/11/7	32.38000107
2007/11/8	32.2840004
2007/11/9	32.27000046
2007/11/12	32.27999878
2007/11/13	32.23199844
2007/11/14	32.24900055
2007/11/15	32.34000015
2007/11/16	32.34999847
2007/11/19	32.35599899
2007/11/20	32.34999847
2007/11/21	32.38999939
2007/11/22	32.35800171
2007/11/23	32.36999893
2007/11/27	32.3030014
2007/11/28	32.36999893
2007/11/29	32.27000046
2007/11/30	32.25999832
2007/12/3	32.31200027
2007/12/4	32.34899902
2007/12/5	32.32799911
2007/12/6	32.31000137
2007/12/7	32.29999924
2007/12/10	32.36999893
2007/12/11	32.38299942
2007/12/12	32.3390007
2007/12/13	32.45100021
2007/12/14	32.36000061
2007/12/17	32.59999847
2007/12/19	32.54499817
2007/12/20	32.51499939
2007/12/21	32.45999908
2007/12/24	32.47999954
2007/12/25	32.50299835
2007/12/26	32.56999969
2007/12/27	32.54499817
2007/12/28	32.5
2007/12/31	32.43000031
2008/1/1	32.38499832
2008/1/2	32.48500061
2008/1/3	32.44499969
2008/1/4	32.40999985
2008/1/7	32.52000046
2008/1/8	32.47399902
2008/1/9	32.48699951
2008/1/10	32.48500061
2008/1/11	32.43999863
2008/1/14	32.25999832
2008/1/15	32.18999863
2008/1/16	32.28099823
2008/1/17	32.31000137
2008/1/18	32.31000137
2008/1/21	32.43299866
2008/1/22	32.2879982
2008/1/23	32.45000076
2008/1/24	32.29999924
2008/1/25	32.27999878
2008/1/28	32.30500031
2008/1/29	32.27000046
2008/1/30	32.23300171
2008/1/31	32.20000076
2008/2/1	31.9829998
2008/2/4	32.04399872
2008/2/5	31.99900055
2008/2/6	32.02000046
2008/2/7	32.04499817
2008/2/8	31.98999977
2008/2/11	32.04999924
2008/2/12	31.74699974
2008/2/13	31.63699913
2008/2/14	31.68499947
2008/2/15	31.70999908
2008/2/18	31.71199989
2008/2/19	31.63400078
2008/2/20	31.5510006
2008/2/21	31.4090004
2008/2/22	31.37000084
2008/2/25	31.27099991
2008/2/26	31.16900063
2008/2/27	30.85499954
2008/2/28	30.76000023
2008/2/29	30.90999985
2008/3/3	31.02799988
2008/3/4	30.90200043
2008/3/5	30.79999924
2008/3/6	30.81999969
2008/3/7	30.63199997
2008/3/10	30.58799934
2008/3/11	30.52499962
2008/3/12	30.62999916
2008/3/13	30.67900085
2008/3/14	30.70999908
2008/3/17	30.78800011
2008/3/18	30.57999992
2008/3/19	30.86000061
2008/3/20	30.54000092
2008/3/21	30.45700073
2008/3/24	30.02000046
2008/3/25	30.07999992
2008/3/26	30.05999947
2008/3/27	30.2159996
2008/3/28	30.37999916
2008/3/31	30.41500092
2008/4/2	30.34499931
2008/4/3	30.45499992
2008/4/4	30.48900032
2008/4/7	30.45000076
2008/4/8	30.53000069
2008/4/9	30.45999908
2008/4/10	30.27499962
2008/4/11	30.30999947
2008/4/14	30.34499931
2008/4/15	30.2670002
2008/4/16	30.17499924
2008/4/17	30.30500031
2008/4/18	30.27000046
2008/4/21	30.27499962
2008/4/22	30.25200081
2008/4/23	30.30999947
2008/4/24	30.35000038
2008/4/25	30.34000015
2008/4/28	30.40999985
2008/4/29	30.4470005
2008/4/30	30.47500038
2008/5/2	30.44000053
2008/5/5	30.45599937
2008/5/6	30.43499947
2008/5/7	30.65200043
2008/5/8	30.81900024
2008/5/9	30.63999939
2008/5/12	30.74699974
2008/5/13	30.93000031
2008/5/14	31.03000069
2008/5/15	30.82999992
2008/5/16	30.68000031
2008/5/19	30.50200081
2008/5/20	30.56999969
2008/5/21	30.53499985
2008/5/22	30.37999916
2008/5/23	30.48999977
2008/5/26	30.46500015
2008/5/27	30.53499985
2008/5/28	30.53000069
2008/5/29	30.46999931
2008/5/30	30.39999962
2008/6/2	30.17700005
2008/6/3	30.37000084
2008/6/4	30.41200066
2008/6/5	30.38400078
2008/6/6	30.31999969
2008/6/9	30.32999992
2008/6/10	30.40699959
2008/6/11	30.38199997
2008/6/12	30.45800018
2008/6/13	30.37000084
2008/6/16	30.37400055
2008/6/17	30.28899956
2008/6/18	30.39699936
2008/6/19	30.39900017
2008/6/20	30.37000084
2008/6/23	30.46299934
2008/6/24	30.38199997
2008/6/25	30.31999969
2008/6/26	30.40299988
2008/6/27	30.42000008
2008/6/30	30.33799934
2008/7/2	30.40500069
2008/7/3	30.38999939
2008/7/4	30.4279995
2008/7/7	30.38899994
2008/7/8	30.39299965
2008/7/9	30.42399979
2008/7/10	30.44799995
2008/7/11	30.39299965
2008/7/14	30.39500046
2008/7/15	30.36599922
2008/7/16	30.40999985
2008/7/17	30.30999947
2008/7/18	30.32500076
2008/7/21	30.34000015
2008/7/22	30.35400009
2008/7/23	30.39800072
2008/7/24	30.42499924
2008/7/25	30.45000076
2008/7/28	30.4659996
2008/7/29	30.5
2008/7/30	30.6060009
2008/7/31	30.64500046
2008/8/26	31.57699966
2008/8/27	31.54800034
2008/8/28	31.56500053
2008/8/29	31.52000046
2008/9/1	31.65999985
2008/9/2	31.8010006
2008/9/3	31.78000069
2008/9/4	31.91699982
2008/9/5	31.79000092
2008/9/8	31.83799934
2008/9/9	31.89999962
2008/9/10	32.0890007
2008/9/11	32.02000046
2008/9/12	31.87999916
2008/9/15	32.13999939
2008/9/16	32.04999924
2008/9/17	32.11999893
2008/9/18	32.17499924
2008/9/19	32.11000061
2008/9/22	31.98999977
2008/9/23	31.95999908
2008/9/24	32.01499939
2008/9/25	32.04999924
2008/9/26	32
2008/9/29	32.40999985
2008/9/30	32.32500076
2008/10/1	32.15999985
2008/10/2	32.23699951
2008/10/3	32.11000061
2008/10/6	32.45999908
2008/10/7	32.36999893
2008/10/8	32.5
2008/10/9	32.36000061
2008/10/10	32.41999817
2008/10/13	32.2480011
2008/10/14	32.44499969
2008/10/15	32.45000076
2008/10/16	32.55699921
2008/10/17	32.54999924
2008/10/20	32.625
2008/10/21	32.67499924
2008/10/22	33
2008/10/23	33.20000076
2008/10/24	33.38499832
2008/10/27	33.63000107
2008/10/28	33.5
2008/10/29	33.09700012
2008/10/30	32.97000122
2008/10/31	33.01499939
2008/11/3	32.91500092
2008/11/4	32.875
2008/11/5	32.75
2008/11/6	32.86000061
2008/11/7	32.75999832
2008/11/10	32.89500046
2008/11/11	32.92499924
2008/11/12	33
2008/11/13	33.09500122
2008/11/14	33.00999832
2008/11/17	33.28300095
2008/11/18	33.25999832
2008/11/19	33.33499908
2008/11/20	33.45999908
2008/11/21	33.38000107
2008/11/24	33.45000076
2008/11/25	33.34999847
2008/11/26	33.18500137
2008/11/27	33.29000092
2008/11/28	33.27999878
2008/12/1	33.48500061
2008/12/2	33.43999863
2008/12/3	33.56999969
2008/12/4	33.56800079
2008/12/5	33.54000092
2008/12/8	33.45999908
2008/12/9	33.53499985
2008/12/10	33.5
2008/12/11	33.22999954
2008/12/12	33.24000168
2008/12/15	33.09000015
2008/12/16	32.90999985
2008/12/17	32.625
2008/12/18	32.47000122
2008/12/19	32.5
2008/12/22	32.98500061
2008/12/23	33.02999878
2008/12/24	33
2008/12/25	33
2008/12/26	33.03499985
2008/12/29	33.00999832
2008/12/30	32.71500015
2008/12/31	32.84999847
2009/1/1	32.84999847
2009/1/2	32.77000046
2009/1/5	33.15499878
2009/1/6	33.04499817
2009/1/7	33.07500076
2009/1/8	33.13000107
2009/1/9	33.20999908
2009/1/12	33.29999924
2009/1/13	33.29000092
2009/1/14	33.25
2009/1/15	33.34000015
2009/1/16	33.34999847
2009/1/19	33.56999969
2009/1/20	33.50999832
2009/1/21	33.625
2009/1/22	33.57500076
2009/1/23	33.68000031
2009/1/26	33.68999863
2009/1/27	33.72999954
2009/1/28	33.60499954
2009/1/29	33.69499969
2009/1/30	33.70000076
2009/2/2	33.75
2009/2/3	33.63999939
2009/2/4	33.68999863
2009/2/5	33.67499924
2009/2/6	33.58000183
2009/2/9	33.75
2009/2/10	33.84000015
2009/2/11	33.93999863
2009/2/12	34.04000092
2009/2/13	34.02999878
2009/2/16	34.20999908
2009/2/17	34.54999924
2009/2/18	34.59999847
2009/2/19	34.56999969
2009/2/20	34.79999924
2009/2/23	34.61000061
2009/2/24	34.70999908
2009/2/25	34.74000168
2009/2/26	34.79999924
2009/2/27	35
2009/3/2	35.16999817
2009/3/3	35.08000183
2009/3/4	35.08000183
2009/3/5	34.93000031
2009/3/6	34.65999985
2009/3/9	34.77000046
2009/3/10	34.54000092
2009/3/11	34.45000076
2009/3/12	34.43000031
2009/3/13	34.41999817
2009/3/16	34.40000153
2009/3/17	34.20999908
2009/3/18	34.13000107
2009/3/19	33.90000153
2009/3/20	33.79999924
2009/3/23	33.72000122
2009/3/24	33.77000046
2009/3/25	33.81999969
2009/3/26	33.70000076
2009/3/27	33.75999832
2009/3/30	34.09000015
2009/3/31	33.86999893
2009/4/1	33.77000046
2009/4/2	33.09999847
2009/4/3	33.15000153
2009/4/6	33.20999908
2009/4/7	33.56999969
2009/4/8	33.83000183
2009/4/9	33.70999908
2009/4/10	33.74000168
2009/4/13	33.84999847
2009/4/14	33.59000015
2009/4/15	33.77999878
2009/4/16	33.75999832
2009/4/17	33.75
2009/4/20	33.81000137
2009/4/21	33.84999847
2009/4/22	33.79999924
2009/4/23	33.79999924
2009/4/24	33.65000153
2009/4/27	33.68000031
2009/4/28	33.72000122
2009/4/29	33.59000015
2009/4/30	33.09000015
2009/5/1	33.13999939
2009/5/4	32.97000122
2009/5/5	33
2009/5/6	33.13999939
2009/5/7	33.11000061
2009/5/8	33.00999832
2009/5/11	32.86999893
2009/5/12	32.81000137
2009/5/13	32.88000107
2009/5/14	32.88000107
2009/5/15	32.86000061
2009/5/18	32.93999863
2009/5/19	32.81999969
2009/5/20	32.79000092
2009/5/21	32.58000183
2009/5/22	32.52999878
2009/5/25	32.54000092
2009/5/26	32.61999893
2009/5/27	32.56999969
2009/5/28	32.59000015
2009/5/29	32.54999924
2009/6/1	32.18000031
2009/6/2	32.38000107
2009/6/3	32.49000168
2009/6/4	32.52999878
2009/6/5	32.61999893
2009/6/8	32.90000153
2009/6/9	32.70000076
2009/6/10	32.72999954
2009/6/11	32.66999817
2009/6/12	32.75
2009/6/15	32.90999985
2009/6/16	32.86999893
2009/6/17	32.84999847
2009/6/18	32.84999847
2009/6/19	32.84999847
2009/6/22	32.88000107
2009/6/23	32.81000137
2009/6/24	32.84999847
2009/6/25	32.91999817
2009/6/26	32.81000137
2009/6/29	32.86999893
2009/6/30	32.81000137
2009/7/1	32.65999985
2009/7/2	32.86000061
2009/7/3	32.88000107
2009/7/6	32.93000031
2009/7/7	32.93999863
2009/7/8	33.02000046
2009/7/9	32.90999985
2009/7/10	33
2009/7/13	33.09999847
2009/7/14	33.02000046
2009/7/15	32.84999847
2009/7/16	32.84999847
2009/7/17	32.83000183
2009/7/20	32.74000168
2009/7/21	32.74000168
2009/7/22	32.77000046
2009/7/23	32.72999954
2009/7/24	32.77999878
2009/7/27	32.79999924
2009/7/28	32.70999908
2009/7/29	32.88999939
2009/7/30	32.79999924
2009/7/31	32.79999924
2009/8/3	32.79999924
2009/8/4	32.79999924
2009/8/5	32.65000153
2009/8/6	32.70000076
2009/8/7	32.72999954
2009/8/10	32.77999878
2009/8/11	32.90000153
2009/8/12	32.79999924
2009/8/13	32.81999969
2009/8/14	32.88999939
2009/8/17	32.84000015
2009/8/18	32.90999985
2009/8/19	32.95999908
2009/8/20	32.90000153
2009/8/21	32.79000092
2009/8/24	32.77000046
2009/8/25	32.84999847
2009/8/26	32.93999863
2009/8/27	32.86999893
2009/8/28	32.84000015
2009/8/31	32.90000153
2009/9/1	32.90000153
2009/9/2	32.81000137
2009/9/3	32.83000183
2009/9/4	32.83000183
2009/9/7	32.79999924
2009/9/8	32.63999939
2009/9/9	32.65000153
2009/9/10	32.65999985
2009/9/11	32.49000168
2009/9/14	32.58000183
2009/9/15	32.58000183
2009/9/16	32.40000153
2009/9/17	32.38000107
2009/9/18	32.36999893
2009/9/21	32.40999985
2009/9/22	32.27999878
2009/9/23	32.27000046
2009/9/24	32.33000183
2009/9/25	32.40000153
2009/9/28	32.38999939
2009/9/29	32.38999939
2009/9/30	31.95999908
2009/10/1	32.06000137
2009/10/2	32.16999817
2009/10/5	32.08000183
2009/10/6	32.02999878
2009/10/7	32
2009/10/8	32.09000015
2009/10/9	32.24000168
2009/10/12	32.18000031
2009/10/13	32.25
2009/10/14	32.29000092
2009/10/15	32.20000076
2009/10/16	32.27000046
2009/10/19	32.29000092
2009/10/20	32.22000122
2009/10/21	32.33000183
2009/10/22	32.40999985
2009/10/23	32.38000107
2009/10/26	32.43999863
2009/10/27	32.40999985
2009/10/28	32.5
2009/10/29	32.40000153
2009/10/30	32.59999847
2009/11/2	32.56000137
2009/11/3	32.56000137
2009/11/4	32.43999863
2009/11/5	32.43999863
2009/11/6	32.47000122
2009/11/9	32.29999924
2009/11/10	32.36000061
2009/11/11	32.33000183
2009/11/12	32.27999878
2009/11/13	32.13000107
2009/11/16	32
2009/11/17	32.09999847
2009/11/18	32.06000137
2009/11/19	32.38000107
2009/11/20	32.38000107
2009/11/23	32.18000031
2009/11/24	32.16999817
2009/11/25	32.18000031
2009/11/26	32.15999985
2009/11/27	32.27000046
2009/11/30	32.20999908
2009/12/1	32.11999893
2009/12/2	32.08000183
2009/12/3	32.08000183
2009/12/4	32.15000153
2009/12/7	32.27000046
2009/12/8	32.18000031
2009/12/9	32.27000046
2009/12/10	32.25
2009/12/11	32.13000107
2009/12/14	32.25
2009/12/15	32.27999878
2009/12/16	32.27000046
2009/12/17	32.34000015
2009/12/18	32.34999847
2009/12/21	32.31999969
2009/12/22	32.31000137
2009/12/23	32.31000137
2009/12/24	32.20000076
2009/12/25	32.24000168
2009/12/28	32.22000122
2009/12/29	32.27999878
2009/12/30	32.18999863
2009/12/31	31.95000076
2010/1/4	31.65999985
2010/1/5	31.86000061
2010/1/6	31.78000069
2010/1/7	31.80999947
2010/1/8	31.79000092
2010/1/11	31.72999954
2010/1/12	31.80999947
2010/1/13	31.71999931
2010/1/14	31.72999954
2010/1/15	31.75
2010/1/18	31.70999908
2010/1/19	31.79000092
2010/1/20	31.87999916
2010/1/21	31.93000031
2010/1/22	31.94000053
2010/1/25	31.88999939
2010/1/26	31.98999977
2010/1/27	32.02000046
2010/1/28	31.94000053
2010/1/29	31.92000008
2010/2/1	31.97999954
2010/2/2	32.00999832
2010/2/3	31.96999931
2010/2/4	32.06000137
2010/2/5	32.06999969
2010/2/8	32.06000137
2010/2/9	32.00999832
2010/2/10	32.06000137
2010/2/11	32
2010/2/12	32.09999847
2010/2/15	32.06999969
2010/2/16	32.04000092
2010/2/17	31.96999931
2010/2/18	31.98999977
2010/2/19	32.00999832
2010/2/22	32
2010/2/23	32.06000137
2010/2/24	32.02000046
2010/2/25	32.04000092
2010/2/26	31.97999954
2010/3/1	31.97999954
2010/3/2	31.96999931
2010/3/3	31.93000031
2010/3/4	31.92000008
2010/3/5	31.84000015
2010/3/8	31.86000061
2010/3/9	31.78000069
2010/3/10	31.79999924
2010/3/11	31.72999954
2010/3/12	31.70000076
2010/3/15	31.79000092
2010/3/16	31.78000069
2010/3/17	31.69000053
2010/3/18	31.79999924
2010/3/19	31.68000031
2010/3/22	31.78000069
2010/3/23	31.77000046
2010/3/24	31.79999924
2010/3/25	31.79000092
2010/3/26	31.82999992
2010/3/29	31.78000069
2010/3/30	31.71999931
2010/3/31	31.73999977
2010/4/1	31.75
2010/4/2	31.68000031
2010/4/5	31.63999939
2010/4/6	31.71999931
2010/4/7	31.52000046
2010/4/8	31.52000046
2010/4/9	31.5
2010/4/12	31.47999954
2010/4/13	31.5
2010/4/14	31.37000084
2010/4/15	31.32999992
2010/4/16	31.39999962
2010/4/19	31.42000008
2010/4/20	31.37999916
2010/4/21	31.31999969
2010/4/22	31.36000061
2010/4/23	31.31999969
2010/4/26	31.28000069
2010/4/27	31.29999924
2010/4/28	31.37000084
2010/4/29	31.32999992
2010/4/30	31.28000069
2010/5/3	31.40999985
2010/5/4	31.44000053
2010/5/5	31.57999992
2010/5/6	31.73999977
2010/5/7	31.67000008
2010/5/10	31.47999954
2010/5/11	31.59000015
2010/5/12	31.61000061
2010/5/13	31.65999985
2010/5/14	31.75499916
2010/5/17	31.79999924
2010/5/18	31.79000092
2010/5/19	32
2010/5/20	32.09999847
2010/5/21	32.13999939
2010/5/24	32.08000183
2010/5/25	32.25
2010/5/26	32.15000153
2010/5/27	32.02999878
2010/5/28	31.97999954
2010/5/31	31.92000008
2010/6/1	32.25999832
2010/6/2	32.18999863
2010/6/3	32.13999939
2010/6/4	32.20999908
2010/6/7	32.47000122
2010/6/8	32.38000107
2010/6/9	32.40000153
2010/6/10	32.34000015
2010/6/11	32.33000183
2010/6/14	32.20000076
2010/6/15	32.25
2010/6/16	32.22000122
2010/6/17	32.18000031
2010/6/18	32.13000107
2010/6/21	31.72999954
2010/6/22	32.08000183
2010/6/23	32.02000046
2010/6/24	32.02999878
2010/6/25	32.04999924
2010/6/28	32.04499817
2010/6/29	32.11000061
2010/6/30	32.22999954
2010/7/1	32.16999817
2010/7/2	32.24000168
2010/7/5	32.15000153
2010/7/6	32.18999863
2010/7/7	32.15000153
2010/7/8	32.13000107
2010/7/9	32.04000092
2010/7/12	32.06000137
2010/7/13	32.15499878
2010/7/14	32.13000107
2010/7/15	32.11000061
2010/7/16	32.08000183
2010/7/19	32.09000015
2010/7/20	32.08000183
2010/7/21	32.09999847
2010/7/22	32.14500046
2010/7/23	32.09999847
2010/7/26	32.04999924
2010/7/27	31.96999931
2010/7/28	32.00999832
2010/7/29	31.97999954
2010/7/30	31.96999931
2010/8/2	31.72999954
2010/8/3	31.71999931
2010/8/4	31.71999931
2010/8/5	31.76000023
2010/8/6	31.72999954
2010/8/9	31.67000008
2010/8/10	31.62999916
2010/8/11	31.72999954
2010/8/12	31.83499908
2010/8/13	31.88999939
2010/8/16	31.87000084
2010/8/17	31.88999939
2010/8/18	31.85000038
2010/8/19	31.85000038
2010/8/20	31.87999916
2010/8/23	31.87999916
2010/8/24	31.90999985
2010/8/25	31.97999954
2010/8/26	32.00999832
2010/8/27	31.97999954
2010/8/30	31.95000076
2010/8/31	32.00999832
2010/9/1	32
2010/9/2	31.98999977
2010/9/3	31.98999977
2010/9/6	31.86000061
2010/9/7	31.84000015
2010/9/8	31.95999908
2010/9/9	31.88999939
2010/9/10	31.82999992
2010/9/13	31.79000092
2010/9/14	31.67000008
2010/9/15	31.70000076
2010/9/16	31.73999977
2010/9/17	31.66500092
2010/9/20	31.71500015
2010/9/21	31.64999962
2010/9/22	31.55999947
2010/9/23	31.52000046
2010/9/24	31.48999977
2010/9/27	31.37000084
2010/9/28	31.30500031
2010/9/29	31.41500092
2010/9/30	31.18000031
2010/10/1	31.14999962
2010/10/4	31.29000092
2010/10/5	31
2010/10/6	30.95999908
2010/10/7	30.82999992
2010/10/8	30.72999954
2010/10/11	30.84000015
2010/10/12	30.85000038
2010/10/13	30.95000076
2010/10/14	30.89999962
2010/10/15	30.65999985
2010/10/18	30.64999962
2010/10/19	30.80999947
2010/10/20	30.89999962
2010/10/21	30.80999947
2010/10/22	30.82999992
2010/10/25	30.79000092
2010/10/26	30.60000038
2010/10/27	30.64999962
2010/10/28	30.70000076
2010/10/29	30.70000076
2010/11/1	30.84250069
2010/11/2	30.47999954
2010/11/3	30.45000076
2010/11/4	30.40099907
2010/11/5	30.17000008
2010/11/8	30.54999924
2010/11/9	30.18000031
2010/11/10	30.13500023
2010/11/11	30.14999962
2010/11/12	30.09000015
2010/11/15	30.18000031
2010/11/16	30.19000053
2010/11/17	30.24500084
2010/11/18	30.40999985
2010/11/19	30.375
2010/11/22	30.31500053
2010/11/23	30.35000038
2010/11/24	30.52000046
2010/11/25	30.43000031
2010/11/26	30.36000061
2010/11/29	30.45499992
2010/11/30	30.5
2010/12/1	30.46999931
2010/12/2	30.43000031
2010/12/3	30.30999947
2010/12/6	30.21999931
2010/12/7	30.11000061
2010/12/8	30.10000038
2010/12/9	30.14999962
2010/12/10	30.04000092
2010/12/13	30.14999962
2010/12/14	30
2010/12/15	29.87999916
2010/12/16	29.78000069
2010/12/17	29.86499977
2010/12/20	29.87000084
2010/12/21	29.92499924
2010/12/22	29.81999969
2010/12/23	29.875
2010/12/24	29.81999969
2010/12/27	29.64999962
2010/12/28	29.45000076
2010/12/29	29.45000076
2010/12/30	29.375
2010/12/31	29.04000092
2011/1/3	29.16500092
2011/1/4	29.04999924
2011/1/5	29.17000008
2011/1/6	29.16500092
2011/1/7	29.25499916
2011/1/10	29.35499954
2011/1/11	29.23999977
2011/1/12	29.12999916
2011/1/13	28.90999985
2011/1/14	29.16500092
2011/1/17	29.15999985
2011/1/18	29.03499985
2011/1/19	29.02499962
2011/1/20	28.97999954
2011/1/21	29.24500084
2011/1/24	29.07999992
2011/1/25	29.04999924
2011/1/26	29.02000046
2011/1/27	29.05500031
2011/1/28	28.98999977
2011/1/31	28.95999908
2011/2/1	29.03000069
2011/2/2	29.03000069
2011/2/3	29.02000046
2011/2/4	29.02000046
2011/2/7	29.02499962
2011/2/8	29.02499962
2011/2/9	28.87999916
2011/2/10	28.79000092
2011/2/11	28.89999962
2011/2/14	29.29999924
2011/2/15	29.30999947
2011/2/16	29.37999916
2011/2/17	29.36000061
2011/2/18	29.41500092
2011/2/21	29.39500046
2011/2/22	29.30999947
2011/2/23	29.52499962
2011/2/24	29.56999969
2011/2/25	29.79500008
2011/2/28	29.79500008
2011/3/1	29.74500084
2011/3/2	29.53499985
2011/3/3	29.62999916
2011/3/4	29.44499969
2011/3/7	29.37999916
2011/3/8	29.34499931
2011/3/9	29.41500092
2011/3/10	29.34499931
2011/3/11	29.45000076
2011/3/14	29.52000046
2011/3/15	29.47500038
2011/3/16	29.54000092
2011/3/17	29.53000069
2011/3/18	29.54999924
2011/3/21	29.54999924
2011/3/22	29.52000046
2011/3/23	29.54000092
2011/3/24	29.57500076
2011/3/25	29.51499939
2011/3/28	29.43000031
2011/3/29	29.46999931
2011/3/30	29.46999931
2011/3/31	29.47999954
2011/4/1	29.39999962
2011/4/4	29.24500084
2011/4/5	29.24500084
2011/4/6	29.31500053
2011/4/7	28.94000053
2011/4/8	28.90999985
2011/4/11	28.92000008
2011/4/12	28.90999985
2011/4/13	29.07999992
2011/4/14	29.03000069
2011/4/18	28.96999931
2011/4/19	29.07999992
2011/4/20	29.04999924
2011/4/21	28.95000076
2011/4/22	28.85000038
2011/4/25	28.85000038
2011/4/26	28.88999939
2011/4/27	29.01000023
2011/4/28	28.85499954
2011/4/29	28.67499924
2011/5/2	28.67499924
2011/5/3	28.67000008
2011/5/4	28.59000015
2011/5/5	28.56500053
2011/5/6	28.54000092
2011/5/9	28.60000038
2011/5/10	28.61000061
2011/5/11	28.57999992
2011/5/12	28.5
2011/5/13	28.55999947
2011/5/16	28.63500023
2011/5/17	28.79999924
2011/5/18	28.84499931
2011/5/19	28.85000038
2011/5/20	28.81500053
2011/5/23	28.80999947
2011/5/24	28.97999954
2011/5/25	28.87999916
2011/5/26	28.94000053
2011/5/27	28.88500023
2011/5/30	28.79500008
2011/5/31	28.71999931
2011/6/1	28.63999939
2011/6/2	28.57500076
2011/6/3	28.68000031
2011/6/6	28.68000031
2011/6/7	28.62000084
2011/6/8	28.65999985
2011/6/9	28.62999916
2011/6/10	28.71500015
2011/6/13	28.77499962
2011/6/14	28.79000092
2011/6/15	28.79000092
2011/6/16	28.79000092
2011/6/17	28.87000084
2011/6/20	28.93000031
2011/6/21	28.94499969
2011/6/22	28.85499954
2011/6/23	28.78000069
2011/6/24	28.81999969
2011/6/27	28.87999916
2011/6/28	28.88999939
2011/6/29	28.89999962
2011/6/30	28.84000015
2011/7/1	28.79500008
2011/7/4	28.74500084
2011/7/5	28.65999985
2011/7/6	28.75
2011/7/7	28.82500076
2011/7/8	28.80999947
2011/7/11	28.71999931
2011/7/12	28.8220005
2011/7/13	28.90500069
2011/7/14	28.79000092
2011/7/15	28.80999947
2011/7/18	28.26799965
2011/7/19	28.87999916
2011/7/20	28.87999916
2011/7/21	28.80999947
2011/7/22	28.79999924
2011/7/25	28.80999947
2011/7/26	28.79000092
2011/7/27	28.81999969
2011/7/28	28.77000046
2011/7/29	28.79000092
2011/8/1	28.87000084
2011/8/2	28.77000046
2011/8/3	28.79000092
2011/8/4	28.81999969
2011/8/5	28.89999962
2011/8/8	28.96999931
2011/8/9	28.95999908
2011/8/10	28.95000076
2011/8/11	28.90999985
2011/8/12	29
2011/8/15	28.27700043
2011/8/16	27.96299934
2011/8/17	28.19499969
2011/8/18	28.86000061
2011/8/19	28.27499962
2011/8/22	28.14299965
2011/8/23	28.95000076
2011/8/24	28.96500015
2011/8/25	28.93000031
2011/8/26	29
2011/8/29	28.23600006
2011/8/30	29.02000046
2011/8/31	29.01000023
2011/9/1	28.94000053
2011/9/2	28.93000031
2011/9/5	28.40600014
2011/9/6	28.98999977
2011/9/7	29.11000061
2011/9/8	29.04999924
2011/9/9	29.03000069
2011/9/12	28.81399918
2011/9/13	28.5510006
2011/9/14	29.46999931
2011/9/15	29.61000061
2011/9/16	29.53000069
2011/9/19	29.54000092
2011/9/20	29.70000076
2011/9/21	29.87999916
2011/9/22	29.90999985
2011/9/23	30.40999985
2011/9/26	30.43000031
2011/9/27	30.44000053
2011/9/28	30.27000046
2011/9/29	30.28000069
2011/9/30	30.5
2011/10/3	30.45000076
2011/10/4	30.53000069
2011/10/5	29.54599953
2011/10/6	30.62000084
2011/10/7	30.53000069
2011/10/10	29.57999992
2011/10/11	29.75200081
2011/10/12	29.50900078
2011/10/13	30.26000023
2011/10/14	30.27000046
2011/10/17	29.42099953
2011/10/18	30.12000084
2011/10/19	30.15999985
2011/10/20	30.02000046
2011/10/21	30.09000015
2011/10/24	29.25399971
2011/10/25	1.801499963
2011/10/26	30.11000061
2011/10/27	30.09000015
2011/10/28	30.04000092
2011/10/31	29.81999969
2011/11/1	29.2159996
2011/11/2	30.07999992
2011/11/3	29.375
2011/11/4	29.45700073
2011/11/7	29.38199997
2011/11/8	30.09499931
2011/11/9	30.01000023
2011/11/10	30.06999969
2011/11/11	30.22999954
2011/11/14	29.20000076
2011/11/15	30.12000084
2011/11/16	30.20000076
2011/11/17	29.46699905
2011/11/18	29.50600052
2011/11/21	29.66699982
2011/11/22	30.29000092
2011/11/23	30.26000023
2011/11/24	29.64900017
2011/11/25	29.6989994
2011/11/28	29.68000031
2011/11/29	30.32999992
2011/11/30	30.34000015
2011/12/1	30.30999947
2011/12/2	30.05999947
2011/12/5	29.66200066
2011/12/6	30.12999916
2011/12/7	30.14999962
2011/12/8	30.14999962
2011/12/9	30.15500069
2011/12/12	29.54999924
2011/12/13	29.63299942
2011/12/14	30.20000076
2011/12/15	30.28000069
2011/12/16	30.30999947
2011/12/19	29.54899979
2011/12/20	30.35000038
2011/12/21	30.29999924
2011/12/22	29.51300049
2011/12/23	30.25
2011/12/26	29.55900002
2011/12/27	30.25
2011/12/28	30.29999924
2011/12/29	30.29999924
2011/12/30	30.25
2012/1/2	29.46199989
2012/1/3	29.54400063
2012/1/4	30.23999977
2012/1/5	30.29999924
2012/1/6	30.23999977
2012/1/9	29.63999939
2012/1/10	30.12999916
2012/1/11	30.02499962
2012/1/12	29.95999908
2012/1/13	29.88999939
2012/1/16	29.43199921
2012/1/17	29.25499916
2012/1/18	29.93000031
2012/1/19	29.95000076
2012/1/20	29.01199913
2012/1/23	29.08300018
2012/1/24	29.95000076
2012/1/25	29.92000008
2012/1/26	29.87000084
2012/1/27	30.35000038
2012/1/30	28.95100021
2012/1/31	29.77000046
2012/2/1	29.51000023
2012/2/2	29.55999947
2012/2/3	29.46999931
2012/2/6	29.46999931
2012/2/7	29.61000061
2012/2/8	29.53000069
2012/2/9	29.47999954
2012/2/10	29.42000008
2012/2/13	29.55999947
2012/2/14	29.44000053
2012/2/15	29.54999924
2012/2/16	29.48999977
2012/2/17	29.55999947
2012/2/20	29.53000069
2012/2/21	29.51000023
2012/2/22	29.51000023
2012/2/23	29.54000092
2012/2/24	29.54000092
2012/2/27	29.52000046
2012/2/28	29.56999969
2012/2/29	29.54999924
2012/3/1	29.34000015
2012/3/2	29.36000061
2012/3/5	29.44000053
2012/3/6	29.47999954
2012/3/7	29.54000092
2012/3/8	29.51000023
2012/3/9	29.48999977
2012/3/12	29.39999962
2012/3/13	29.48999977
2012/3/14	29.48999977
2012/3/15	29.47999954
2012/3/16	29.52000046
2012/3/19	29.5
2012/3/20	29.48999977
2012/3/21	29.53000069
2012/3/22	29.53000069
2012/3/23	29.54999924
2012/3/26	29.54000092
2012/3/27	29.61000061
2012/3/28	29.53000069
2012/3/29	29.51000023
2012/3/30	29.54000092
2012/4/2	29.48999977
2012/4/3	29.45999908
2012/4/4	29.45000076
2012/4/5	29.45999908
2012/4/6	29.46999931
2012/4/9	29.51000023
2012/4/10	29.51000023
2012/4/11	29.52000046
2012/4/12	29.51000023
2012/4/13	29.48999977
2012/4/16	29.48999977
2012/4/17	29.47999954
2012/4/18	29.47999954
2012/4/19	29.46999931
2012/4/20	29.46999931
2012/4/23	29.46999931
2012/4/24	29.46999931
2012/4/25	29.45999908
2012/4/26	29.43000031
2012/4/27	29.30999947
2012/4/30	29.20999908
2012/5/1	29.12999916
2012/5/2	29.11000061
2012/5/3	29.20000076
2012/5/4	29.20999908
2012/5/7	29.20999908
2012/5/8	29.30999947
2012/5/9	29.29999924
2012/5/10	29.32999992
2012/5/11	29.32999992
2012/5/14	29.37000084
2012/5/15	29.45999908
2012/5/16	29.55999947
2012/5/17	29.57999992
2012/5/18	29.51000023
2012/5/21	29.54000092
2012/5/22	29.47999954
2012/5/23	29.5
2012/5/24	29.53000069
2012/5/25	29.54999924
2012/5/28	29.59000015
2012/5/29	29.59000015
2012/5/30	29.60000038
2012/5/31	29.71999931
2012/6/1	29.82999992
2012/6/4	29.88999939
2012/6/5	29.97999954
2012/6/6	29.95000076
2012/6/7	29.81999969
2012/6/8	29.79999924
2012/6/11	29.94000053
2012/6/12	29.88999939
2012/6/13	29.93000031
2012/6/14	29.93000031
2012/6/15	29.95999908
2012/6/18	29.87000084
2012/6/19	29.87999916
2012/6/20	29.82999992
2012/6/21	29.82999992
2012/6/22	29.82999992
2012/6/25	29.90999985
2012/6/26	29.93000031
2012/6/27	29.93000031
2012/6/28	29.88999939
2012/6/29	29.90999985
2012/7/2	29.80999947
2012/7/3	29.84000015
2012/7/4	29.84000015
2012/7/5	29.80999947
2012/7/6	29.84000015
2012/7/9	29.87999916
2012/7/10	29.92000008
2012/7/11	29.92000008
2012/7/12	29.92000008
2012/7/13	30
2012/7/16	29.95999908
2012/7/17	29.95000076
2012/7/18	29.93000031
2012/7/19	29.95000076
2012/7/20	29.94000053
2012/7/23	29.96999931
2012/7/24	30.05999947
2012/7/25	30.10000038
2012/7/26	30.12000084
2012/7/27	30.06999969
2012/7/30	30.02000046
2012/7/31	30.02000046
2012/8/1	29.94000053
2012/8/2	29.93000031
2012/8/3	29.94000053
2012/8/6	29.86000061
2012/8/7	29.92000008
2012/8/8	29.93000031
2012/8/9	29.94000053
2012/8/10	29.89999962
2012/8/13	29.93000031
2012/8/14	29.96999931
2012/8/15	29.94000053
2012/8/16	29.95999908
2012/8/17	29.96999931
2012/8/20	29.96999931
2012/8/21	29.96999931
2012/8/22	29.02199936
2012/8/23	29.93000031
2012/8/24	29.93000031
2012/8/27	29.93000031
2012/8/28	29.93000031
2012/8/29	29.93000031
2012/8/30	29.90999985
2012/8/31	29.92000008
2012/9/3	29.87000084
2012/9/4	29.84000015
2012/9/5	29.81999969
2012/9/6	29.82999992
2012/9/7	29.75
2012/9/10	29.72999954
2012/9/11	29.65999985
2012/9/12	29.60000038
2012/9/13	29.57999992
2012/9/14	29.60000038
2012/9/17	29.32999992
2012/9/18	29.28000069
2012/9/19	29.31999969
2012/9/20	29.32999992
2012/9/21	29.35000038
2012/9/24	29.29000092
2012/9/25	29.35000038
2012/9/26	29.30999947
2012/9/27	29.37999916
2012/9/28	29.31999969
2012/10/1	29.29000092
2012/10/2	29.29000092
2012/10/3	29.27000046
2012/10/4	29.29999924
2012/10/5	29.27000046
2012/10/8	29.21999931
2012/10/9	29.28000069
2012/10/10	29.28000069
2012/10/11	29.29999924
2012/10/12	29.26000023
2012/10/15	29.20000076
2012/10/16	29.21999931
2012/10/17	29.17000008
2012/10/18	29.15999985
2012/10/19	29.20000076
2012/10/22	29.20999908
2012/10/23	29.22999954
2012/10/24	29.29999924
2012/10/25	29.26000023
2012/10/26	29.21999931
2012/10/29	29.20999908
2012/10/30	29.23999977
2012/10/31	29.18000031
2012/11/1	29.20999908
2012/11/2	29.20999908
2012/11/5	29.18000031
2012/11/6	29.21999931
2012/11/7	29.21999931
2012/11/8	29.09000015
2012/11/9	29.11000061
2012/11/12	28.95999908
2012/11/13	28.98999977
2012/11/14	28.96999931
2012/11/15	29
2012/11/16	29.05999947
2012/11/19	29.12000084
2012/11/20	29.13999939
2012/11/21	29.10000038
2012/11/22	29.11000061
2012/11/23	29.10000038
2012/11/26	29.10000038
2012/11/27	29.05999947
2012/11/28	29.09000015
2012/11/29	29.11000061
2012/11/30	29.05999947
2012/12/3	29.04999924
2012/12/4	29.04000092
2012/12/5	29.05999947
2012/12/6	29.05999947
2012/12/7	29.04999924
2012/12/10	29.03000069
2012/12/11	29.07999992
2012/12/12	29.04999924
2012/12/13	29.02000046
2012/12/14	29.04000092
2012/12/17	29.03000069
2012/12/18	29.03000069
2012/12/19	29.02000046
2012/12/20	29.03000069
2012/12/21	29.02000046
2012/12/24	29.03000069
2012/12/25	29.02000046
2012/12/26	29.03000069
2012/12/27	29.02000046
2012/12/28	29.03000069
2012/12/31	29.02000046
2013/1/1	29.02000046
2013/1/2	29.04000092
2013/1/3	28.98999977
2013/1/4	28.95999908
2013/1/7	29.02000046
2013/1/8	28.97999954
2013/1/9	29.01000023
2013/1/10	28.96999931
2013/1/11	28.95000076
2013/1/14	28.92000008
2013/1/15	28.94000053
2013/1/16	28.95000076
2013/1/17	28.95999908
2013/1/18	28.95999908
2013/1/21	28.90999985
2013/1/22	28.95000076
2013/1/23	28.98999977
2013/1/24	28.98999977
2013/1/25	29.07999992
2013/1/28	29.19000053
2013/1/29	29.51000023
2013/1/30	29.44000053
2013/1/31	29.51000023
2013/2/1	29.668
2013/2/4	29.58
2013/2/5	29.585
2013/2/6	29.622
2013/2/7	29.63
2013/2/8	29.75
2013/2/18	29.709
2013/2/19	29.686
2013/2/20	29.6
2013/2/21	29.68
2013/2/22	29.658
2013/2/23	29.658
2013/2/25	29.702
2013/2/26	29.74
2013/2/27	29.705
2013/3/1	29.666
2013/3/4	29.77
2013/3/5	29.72
2013/3/6	29.67
2013/3/7	29.695
2013/3/8	29.718
2013/3/11	29.74
2013/3/12	29.73
2013/3/13	29.735
2013/3/14	29.8
2013/3/15	29.762
2013/3/18	29.815
2013/3/19	29.801
2013/3/20	29.845
2013/3/21	29.853
2013/3/22	29.909
2013/3/25	29.889
2013/3/26	29.891
2013/3/27	29.941
2013/3/28	29.94
2013/3/29	29.875
2013/4/1	29.928
2013/4/2	29.92
2013/4/3	29.925
2013/4/8	30.06
2013/4/9	30.05
2013/4/10	29.998
2013/4/11	29.98
2013/4/12	29.995
2013/4/15	29.927
2013/4/16	29.928
2013/4/17	29.9
2013/4/18	29.91
2013/4/19	29.84
2013/4/22	29.87
2013/4/23	29.872
2013/4/24	29.832
2013/4/25	29.75
2013/4/26	29.705
2013/4/29	29.606
2013/4/30	29.616
2013/5/2	29.636
2013/5/3	29.61
2013/5/6	29.626
2013/5/7	29.59
2013/5/8	29.5
2013/5/9	29.51
2013/5/10	29.8
2013/5/13	29.92
2013/5/14	29.906
2013/5/15	30.028
2013/5/16	30.05
2013/5/17	30.06
2013/5/20	30.03
2013/5/21	29.942
2013/5/22	29.96
2013/5/23	30.025
2013/5/24	30.03
2013/5/27	29.971
2013/5/28	30.057
2013/5/29	30.12
2013/5/30	30.125
2013/5/31	30.06
2013/6/3	30.07
2013/6/4	30.02
2013/6/5	29.91
2013/6/6	29.915
2013/6/7	29.871
2013/6/10	30.066
2013/6/11	30.16
2013/6/13	30.162
2013/6/14	29.97
2013/6/17	29.972
2013/6/18	30.002
2013/6/19	29.96
2013/6/20	30.16
2013/6/21	30.28
2013/6/24	30.35
2013/6/25	30.26
2013/6/26	30.25
2013/6/27	30.191
2013/6/28	30.12
2013/7/1	30.115
2013/7/2	30.12
2013/7/3	30.302
2013/7/4	30.199
2013/7/5	30.218
2013/7/8	30.342
2013/7/9	30.12
2013/7/10	30.085
2013/7/11	29.952
2013/7/12	29.932
2013/7/15	29.952
2013/7/16	29.878
2013/7/17	29.925
2013/7/18	30.025
2013/7/19	29.978
2013/7/22	29.935
2013/7/23	29.92
2013/7/24	29.942
2013/7/25	29.978
2013/7/26	29.95
2013/7/29	29.96
2013/7/30	30.005
2013/7/31	30.12
2013/8/1	30.125
2013/8/2	30.129
2013/8/5	29.95
2013/8/6	29.995
2013/8/7	30.025
2013/8/8	29.96
2013/8/9	29.955
2013/8/12	29.98
2013/8/13	30.002
2013/8/14	30.032
2013/8/15	30.035
2013/8/16	30.002
2013/8/19	30.032
2013/8/20	30.092
2013/8/22	30.127
2013/8/23	30.053
2013/8/26	30.015
2013/8/27	30.06
2013/8/28	30.05
2013/8/29	30.012
2013/8/30	29.983
2013/9/2	29.9
2013/9/3	29.92
2013/9/4	29.885
2013/9/5	29.985
2013/9/6	29.9
2013/9/9	29.825
2013/9/10	29.76
2013/9/11	29.828
2013/9/12	29.783
2013/9/13	29.842
2013/9/14	29.842
2013/9/16	29.721
2013/9/17	29.76
2013/9/18	29.752
2013/9/23	29.629
2013/9/24	29.632
2013/9/25	29.69
2013/9/26	29.673
2013/9/27	29.656
2013/9/30	29.67
2013/10/1	29.615
2013/10/2	29.61
2013/10/3	29.532
2013/10/4	29.502
2013/10/7	29.536
2013/10/8	29.542
2013/10/9	29.548
2013/10/11	29.49
2013/10/14	29.495
2013/10/15	29.445
2013/10/16	29.46
2013/10/17	29.452
2013/10/18	29.446
2013/10/21	29.482
2013/10/22	29.466
2013/10/23	29.425
2013/10/24	29.452
2013/10/25	29.455
2013/10/28	29.46
2013/10/29	29.472
2013/10/30	29.475
2013/10/31	29.455
2013/11/1	29.47
2013/11/4	29.506
2013/11/5	29.466
2013/11/6	29.48
2013/11/7	29.485
2013/11/8	29.505
2013/11/11	29.625
2013/11/12	29.636
2013/11/13	29.65
2013/11/14	29.606
2013/11/15	29.62
2013/11/18	29.58
2013/11/19	29.532
2013/11/20	29.572
2013/11/21	29.636
2013/11/22	29.645
2013/11/25	29.675
2013/11/26	29.652
2013/11/27	29.672
2013/11/28	29.68
2013/11/29	29.679
2013/12/2	29.636
2013/12/3	29.702
2013/12/4	29.692
2013/12/5	29.69
2013/12/6	29.665
2013/12/9	29.63
2013/12/10	29.635
2013/12/11	29.64
2013/12/12	29.66
2013/12/13	29.689
2013/12/16	29.706
2013/12/17	29.716
2013/12/18	29.745
2013/12/19	29.945
2013/12/20	29.98
2013/12/23	30.009
2013/12/24	30.039
2013/12/25	30.047
2013/12/26	30.06
2013/12/27	30.025
2013/12/30	30.03
2013/12/31	29.95
2014/1/2	29.979
2014/1/3	30.039
2014/1/6	30.235
2014/1/7	30.315
2014/1/8	30.24
2014/1/9	30.252
2014/1/10	30.212
2014/1/13	30.112
2014/1/14	30.159
2014/1/15	30.236
2014/1/16	30.256
2014/1/17	30.221
2014/1/20	30.256
2014/1/21	30.29
2014/1/22	30.32
2014/1/23	30.41
2014/1/24	30.42
2014/1/27	30.511
2014/1/28	30.451
2014/1/29	30.376
2014/2/5	30.42
2014/2/6	30.429
2014/2/7	30.406
2014/2/10	30.38
2014/2/11	30.406
2014/2/12	30.346
2014/2/13	30.408
2014/2/14	30.347
2014/2/17	30.285
2014/2/18	30.339
2014/2/19	30.332
2014/2/20	30.392
2014/2/21	30.395
2014/2/24	30.425
2014/2/25	30.402
2014/2/26	30.35
2014/2/27	30.355
2014/3/3	30.369
2014/3/4	30.38
2014/3/5	30.352
2014/3/6	30.323
2014/3/7	30.302
2014/3/10	30.325
2014/3/11	30.305
2014/3/12	30.375
2014/3/13	30.352
2014/3/14	30.381
2014/3/17	30.352
2014/3/18	30.386
2014/3/19	30.437
2014/3/20	30.589
2014/3/21	30.652
2014/3/24	30.622
2014/3/25	30.619
2014/3/26	30.605
2014/3/27	30.582
2014/3/28	30.552
2014/3/31	30.51
2014/4/1	30.435
2014/4/2	30.375
2014/4/3	30.38
2014/4/7	30.32
2014/4/8	30.27
2014/4/9	30.162
2014/4/10	30.13
2014/4/11	30.132
2014/4/14	30.233
2014/4/15	30.235
2014/4/16	30.201
2014/4/17	30.221
2014/4/18	30.23
2014/4/21	30.268
2014/4/22	30.303
2014/4/23	30.326
2014/4/24	30.306
2014/4/25	30.32
2014/4/28	30.285
2014/4/29	30.25
2014/4/30	30.258
2014/5/2	30.212
2014/5/5	30.171
2014/5/6	30.176
2014/5/7	30.165
2014/5/8	30.167
2014/5/9	30.175
2014/5/12	30.192
2014/5/13	30.212
2014/5/14	30.22
2014/5/15	30.203
2014/5/16	30.208
2014/5/19	30.185
2014/5/20	30.202
2014/5/21	30.216
2014/5/22	30.178
2014/5/23	30.18
2014/5/26	30.16
2014/5/27	30.171
2014/5/28	30.151
2014/5/29	30.128
2014/5/30	30.05
2014/6/3	30.064
2014/6/4	30.102
2014/6/5	30.088
2014/6/6	30.08
2014/6/9	30.048
2014/6/10	30.05
2014/6/11	30.039
2014/6/12	30.045
2014/6/13	30.053
2014/6/16	30.061
2014/6/17	30.066
2014/6/18	30.071
2014/6/19	30.036
2014/6/20	30.065
2014/6/23	30.039
2014/6/24	30.031
2014/6/25	30.051
2014/6/26	29.992
2014/6/27	29.962
2014/6/30	29.915
2014/7/1	29.935
2014/7/2	29.905
2014/7/3	29.935
2014/7/4	29.937
2014/7/7	29.96
2014/7/8	29.97
2014/7/9	29.962
2014/7/10	29.945
2014/7/11	29.99
2014/7/14	30.001
2014/7/15	30.042
2014/7/16	30.072
2014/7/17	30.046
2014/7/18	30.051
2014/7/21	30.037
2014/7/22	30.035
2014/7/24	30.052
2014/7/25	30.035
2014/7/28	30.037
2014/7/29	30.005
2014/7/30	30.01
2014/7/31	30.04
2014/8/1	30.069
2014/8/4	30.04
2014/8/5	30.045
2014/8/6	30.056
2014/8/7	30.061
2014/8/8	30.066
2014/8/11	30.052
2014/8/12	30.06
2014/8/13	30.065
2014/8/14	30.045
2014/8/15	30.035
2014/8/18	30.04
2014/8/19	30.042
2014/8/20	30.047
2014/8/21	30.052
2014/8/22	30.02
2014/8/25	30.028
2014/8/26	30.026
2014/8/27	29.985
2014/8/28	29.965
2014/8/29	29.97
2014/9/1	29.968
2014/9/2	29.978
2014/9/3	29.986
2014/9/4	29.972
2014/9/5	30.002
2014/9/9	30.005
2014/9/10	30.025
2014/9/11	30.06
2014/9/12	30.068
2014/9/15	30.106
2014/9/16	30.16
2014/9/17	30.134
2014/9/18	30.256
2014/9/19	30.258
2014/9/22	30.229
2014/9/23	30.24
2014/9/24	30.248
2014/9/25	30.31
2014/9/26	30.312
2014/9/29	30.502
2014/9/30	30.436
2014/10/1	30.492
2014/10/2	30.46
2014/10/3	30.437
2014/10/6	30.503
2014/10/7	30.453
2014/10/8	30.505
2014/10/9	30.43
2014/10/13	30.45
2014/10/14	30.43
2014/10/15	30.42
2014/10/16	30.41
2014/10/17	30.421
2014/10/20	30.415
2014/10/21	30.401
2014/10/22	30.393
2014/10/23	30.405
2014/10/24	30.413
2014/10/27	30.403
2014/10/28	30.398
2014/10/29	30.376
2014/10/30	30.402
2014/10/31	30.478
2014/11/3	30.488
2014/11/4	30.538
2014/11/5	30.602
2014/11/6	30.605
2014/11/7	30.716
2014/11/10	30.606
2014/11/11	30.717
2014/11/12	30.75
2014/11/13	30.752
2014/11/14	30.766
2014/11/17	30.739
2014/11/18	30.775
2014/11/19	30.876
2014/11/20	31.015
2014/11/21	31.005
2014/11/24	31.01
2014/11/25	30.966
2014/11/26	30.952
2014/11/27	30.951
2014/11/28	31.039
2014/12/1	31.139
2014/12/2	31.106
2014/12/3	31.167
2014/12/4	31.197
2014/12/5	31.192
2014/12/8	31.285
2014/12/9	31.29
2014/12/10	31.26
2014/12/11	31.262
2014/12/12	31.326
2014/12/15	31.342
2014/12/16	31.327
2014/12/17	31.357
2014/12/18	31.45
2014/12/19	31.472
2014/12/22	31.586
2014/12/23	31.765
2014/12/24	31.815
2014/12/25	31.753
2014/12/26	31.75
2014/12/27	31.75
2014/12/29	31.761
2014/12/30	31.766
2014/12/31	31.718
2015/1/5	32.005
2015/1/6	31.996
2015/1/7	32.001
2015/1/8	32.006
2015/1/9	31.936
2015/1/12	31.856
2015/1/13	31.862
2015/1/14	31.832
2015/1/15	31.786
2015/1/16	31.645
2015/1/19	31.552
2015/1/20	31.696
2015/1/21	31.553
2015/1/22	31.51
2015/1/23	31.432
2015/1/26	31.339
2015/1/27	31.325
2015/1/28	31.328
2015/1/29	31.512
2015/1/30	31.555
2015/2/2	31.685
2015/2/3	31.623
2015/2/4	31.473
2015/2/5	31.535
2015/2/6	31.49
2015/2/9	31.56
2015/2/10	31.502
2015/2/11	31.564
2015/2/12	31.63
2015/2/13	31.475
2015/2/16	31.6
2015/2/17	31.638
2015/2/24	31.688
2015/2/25	31.532
2015/2/26	31.503
2015/3/2	31.568
2015/3/3	31.508
2015/3/4	31.48
2015/3/5	31.507
2015/3/6	31.45
2015/3/9	31.52
2015/3/10	31.566
2015/3/11	31.666
2015/3/12	31.67
2015/3/13	31.71
2015/3/16	31.712
2015/3/17	31.667
2015/3/18	31.65
2015/3/19	31.502
2015/3/20	31.548
2015/3/23	31.503
2015/3/24	31.383
2015/3/25	31.401
2015/3/26	31.405
2015/3/27	31.375
2015/3/30	31.38
2015/3/31	31.401
2015/4/1	31.362
2015/4/2	31.303
2015/4/7	31.152
2015/4/8	31.226
2015/4/9	31.231
2015/4/10	31.24
2015/4/13	31.342
2015/4/14	31.312
2015/4/15	31.33
2015/4/16	31.253
2015/4/17	31.162
2015/4/20	31.102
2015/4/21	31.173
2015/4/22	31.113
2015/4/23	31.131
2015/4/24	31.051
2015/4/27	30.861
2015/4/28	30.831
2015/4/29	30.695
2015/4/30	30.752
2015/5/4	30.776
2015/5/5	30.781
2015/5/6	30.753
2015/5/7	30.803
2015/5/8	30.765
2015/5/11	30.78
2015/5/12	30.81
2015/5/13	30.78
2015/5/14	30.681
2015/5/15	30.612
2015/5/18	30.61
2015/5/19	30.64
2015/5/20	30.682
2015/5/21	30.65
2015/5/22	30.541
2015/5/25	30.571
2015/5/26	30.708
2015/5/27	30.725
2015/5/28	30.801
2015/5/29	30.871
2015/6/1	30.932
2015/6/2	31.002
2015/6/3	30.922
2015/6/4	31.062
2015/6/5	31.032
2015/6/8	31.275
2015/6/9	31.302
2015/6/10	31.156
2015/6/11	31.162
2015/6/12	31.226
2015/6/15	31.256
2015/6/16	31.266
2015/6/17	31.261
2015/6/18	31.062
2015/6/22	30.97
2015/6/23	31.002
2015/6/24	31.052
2015/6/25	31.052
2015/6/26	31.132
2015/6/29	31.178
2015/6/30	31.07
2015/7/1	31.1
2015/7/2	31.15
2015/7/3	31.12
2015/7/6	31.15
2015/7/7	31.162
2015/7/8	31.225
2015/7/9	31.23
2015/7/13	31.2
2015/7/14	31.302
2015/7/15	31.272
2015/7/16	31.31
2015/7/17	31.312
2015/7/20	31.342
2015/7/21	31.407
2015/7/22	31.352
2015/7/23	31.452
2015/7/24	31.53
2015/7/27	31.56
2015/7/28	31.575
2015/7/29	31.523
2015/7/30	31.601
2015/7/31	31.682
2015/8/3	31.705
2015/8/4	31.726
2015/8/5	31.75
2015/8/6	31.755
2015/8/7	31.77
2015/8/10	31.76
2015/8/11	32.08
2015/8/12	32.465
2015/8/13	32.366
2015/8/14	32.368
2015/8/17	32.621
2015/8/18	32.653
2015/8/19	32.668
2015/8/20	32.678
2015/8/21	32.876
2015/8/24	32.96
2015/8/25	32.879
2015/8/26	32.765
2015/8/27	32.77
2015/8/28	32.772
2015/8/31	32.81
2015/9/1	32.68
2015/9/2	32.762
2015/9/3	32.801
2015/9/4	32.833
2015/9/7	32.935
2015/9/8	33.003
2015/9/9	32.775
2015/9/10	32.856
2015/9/11	32.71
2015/9/14	32.72
2015/9/15	32.786
2015/9/16	32.762
2015/9/17	32.662
2015/9/18	32.663
2015/9/21	32.939
2015/9/22	32.971
2015/9/23	33.25
2015/9/24	33.26
2015/9/25	33.292
2015/9/30	33.128
2015/10/1	33.08
2015/10/2	33.156
2015/10/5	33.002
2015/10/6	32.937
2015/10/7	32.872
2015/10/8	32.85
2015/10/12	32.56
2015/10/13	32.739
2015/10/14	32.742
2015/10/15	32.457
2015/10/16	32.505
2015/10/19	32.418
2015/10/20	32.51
2015/10/21	32.558
2015/10/22	32.658
2015/10/23	32.513
2015/10/26	32.708
2015/10/27	32.676
2015/10/28	32.686
2015/10/29	32.856
2015/10/30	32.802
2015/11/2	32.721
2015/11/3	32.625
2015/11/4	32.595
2015/11/5	32.718
2015/11/6	32.73
2015/11/9	32.832
2015/11/10	32.85
2015/11/11	32.852
2015/11/12	32.9
2015/11/13	32.908
2015/11/16	33.022
2015/11/17	32.975
2015/11/18	33.007
2015/11/19	32.86
2015/11/20	32.73
2015/11/23	32.778
2015/11/24	32.746
2015/11/25	32.647
2015/11/26	32.701
2015/11/27	32.815
2015/11/30	32.83
2015/12/1	32.832
2015/12/2	32.903
2015/12/3	32.935
2015/12/4	32.822
2015/12/7	32.936
2015/12/8	33.037
2015/12/9	33.047
2015/12/10	33.015
2015/12/11	32.965
2015/12/14	33.066
2015/12/15	33.026
2015/12/16	32.95
2015/12/17	33.035
2015/12/18	33.117
2015/12/21	33.085
2015/12/22	33.09
2015/12/23	33.1
2015/12/24	33.002
2015/12/25	33.005
2015/12/28	33.02
2015/12/29	33.035
2015/12/30	33.05
2015/12/31	33.066
2016/1/4	33.236
2016/1/5	33.27
2016/1/6	33.453
2016/1/7	33.53
2016/1/8	33.501
2016/1/11	33.651
2016/1/12	33.667
2016/1/13	33.625
2016/1/14	33.742
2016/1/15	33.802
2016/1/18	33.818
2016/1/19	33.82
2016/1/20	33.826
2016/1/21	33.838
2016/1/22	33.705
2016/1/25	33.622
2016/1/26	33.725
2016/1/27	33.71
2016/1/28	33.743
2016/1/29	33.6
2016/1/30	33.65
2016/2/1	33.67
2016/2/2	33.68
2016/2/3	33.808
2016/2/4	33.608
2016/2/5	33.52
2016/2/15	33.421
2016/2/16	33.453
2016/2/17	33.505
2016/2/18	33.525
2016/2/19	33.561
2016/2/22	33.567
2016/2/23	33.485
2016/2/24	33.49
2016/2/25	33.496
2016/2/26	33.492
2016/3/1	33.436
2016/3/2	33.37
2016/3/3	33.179
2016/3/4	33.101
2016/3/7	33.01
2016/3/8	33.062
2016/3/9	33.225
2016/3/10	33.08
2016/3/11	32.95
2016/3/14	32.87
2016/3/15	32.918
2016/3/16	32.95
2016/3/17	32.706
2016/3/18	32.52
2016/3/21	32.545
2016/3/22	32.525
2016/3/23	32.625
2016/3/24	32.726
2016/3/25	32.766
2016/3/28	32.72
2016/3/29	32.695
2016/3/30	32.425
2016/3/31	32.282
2016/4/1	32.378
2016/4/6	32.442
2016/4/7	32.402
2016/4/8	32.45
2016/4/11	32.388
2016/4/12	32.382
2016/4/13	32.35
2016/4/14	32.436
2016/4/15	32.348
2016/4/18	32.402
2016/4/19	32.265
2016/4/20	32.248
2016/4/21	32.296
2016/4/22	32.33
2016/4/25	32.361
2016/4/26	32.363
2016/4/27	32.345
2016/4/28	32.279
2016/4/29	32.281
2016/5/3	32.205
2016/5/4	32.356
2016/5/5	32.377
2016/5/6	32.412
2016/5/9	32.417
2016/5/10	32.533
2016/5/11	32.528
2016/5/12	32.542
2016/5/13	32.626
2016/5/16	32.705
2016/5/17	32.63
2016/5/18	32.705
2016/5/19	32.802
2016/5/20	32.752
2016/5/23	32.656
2016/5/24	32.72
2016/5/25	32.652
2016/5/26	32.576
2016/5/27	32.528
2016/5/30	32.68
2016/5/31	32.63
2016/6/1	32.622
2016/6/2	32.612
2016/6/3	32.605
2016/6/4	32.506
2016/6/6	32.402
2016/6/7	32.339
2016/6/8	32.225
2016/6/13	32.435
2016/6/14	32.423
2016/6/15	32.441
2016/6/16	32.391
2016/6/17	32.385
2016/6/20	32.256
2016/6/21	32.258
2016/6/22	32.221
2016/6/23	32.19
2016/6/24	32.502
2016/6/27	32.533
2016/6/28	32.435
2016/6/29	32.343
2016/6/30	32.286
2016/7/1	32.218
2016/7/4	32.208
2016/7/5	32.282
2016/7/6	32.407
2016/7/7	32.306
2016/7/11	32.215
2016/7/12	32.22
2016/7/13	32.183
2016/7/14	32.073
2016/7/15	31.99
2016/7/18	32.024
2016/7/19	31.991
2016/7/20	32.051
2016/7/21	32.06
2016/7/22	32.07
2016/7/25	32.14
2016/7/26	32.106
2016/7/27	32.068
2016/7/28	31.955
2016/7/29	31.926
2016/8/1	31.64
2016/8/2	31.68
2016/8/3	31.75
2016/8/4	31.71
2016/8/5	31.57
2016/8/8	31.512
2016/8/9	31.455
2016/8/10	31.225
2016/8/11	31.326
2016/8/12	31.403
2016/8/15	31.37
2016/8/16	31.28
2016/8/17	31.452
2016/8/18	31.41
2016/8/19	31.618
2016/8/22	31.82
2016/8/23	31.706
2016/8/24	31.772
2016/8/25	31.67
2016/8/26	31.672
2016/8/29	31.801
2016/8/30	31.72
2016/8/31	31.726
2016/9/1	31.736
2016/9/2	31.703
2016/9/5	31.506
2016/9/6	31.412
2016/9/7	31.24
2016/9/8	31.286
2016/9/9	31.51
2016/9/10	31.552
2016/9/12	31.716
2016/9/13	31.706
2016/9/14	31.689
2016/9/19	31.45
2016/9/20	31.367
2016/9/21	31.43
2016/9/22	31.4
2016/9/23	31.33
2016/9/26	31.432
2016/9/29	31.356
2016/9/30	31.366
2016/10/3	31.33
2016/10/4	31.347
2016/10/5	31.371
2016/10/6	31.403
2016/10/7	31.48
2016/10/11	31.613
2016/10/12	31.629
2016/10/13	31.76
2016/10/14	31.672
2016/10/17	31.77
2016/10/18	31.669
2016/10/19	31.518
2016/10/20	31.53
2016/10/21	31.63
2016/10/24	31.683
2016/10/25	31.616
2016/10/26	31.558
2016/10/27	31.637
2016/10/28	31.639
2016/10/31	31.58
2016/11/1	31.568
2016/11/2	31.564
2016/11/3	31.468
2016/11/4	31.473
2016/11/7	31.519
2016/11/8	31.507
2016/11/9	31.459
2016/11/10	31.589
2016/11/11	31.801
2016/11/14	31.949
2016/11/15	31.87
2016/11/16	31.848
2016/11/17	31.868
2016/11/18	32.01
2016/11/21	32
2016/11/22	31.945
2016/11/23	31.88
2016/11/24	31.927
2016/11/25	31.942
2016/11/28	31.802
2016/11/29	31.818
2016/11/30	31.89
2016/12/1	31.892
2016/12/2	31.923
2016/12/5	31.995
2016/12/6	31.952
2016/12/7	31.902
2016/12/8	31.752
2016/12/9	31.86
2016/12/12	31.864
2016/12/13	31.822
2016/12/14	31.803
2016/12/15	31.923
2016/12/16	31.967
2016/12/19	31.97
2016/12/20	32.005
2016/12/21	32.02
2016/12/22	32.03
2016/12/23	32.17
2016/12/26	32.25
2016/12/27	32.281
2016/12/28	32.309
2016/12/29	32.312
2016/12/30	32.279
2017/1/3	32.245
2017/1/4	32.26
2017/1/5	31.962
2017/1/6	31.993
2017/1/9	32.106
2017/1/10	31.948
2017/1/11	31.935
2017/1/12	31.78
2017/1/13	31.602
2017/1/16	31.702
2017/1/17	31.603
2017/1/18	31.586
2017/1/19	31.623
2017/1/20	31.533
2017/1/23	31.431
2017/1/24	31.382
2017/1/25	31.332
2017/1/26	31.36
2017/2/2	31.101
2017/2/3	31.05
2017/2/6	30.943
2017/2/7	31.048
2017/2/8	31.128
2017/2/9	31.046
2017/2/10	31.051
2017/2/13	31.03
2017/2/14	30.868
2017/2/15	30.765
2017/2/16	30.792
2017/2/17	30.776
2017/2/18	30.796
2017/2/20	30.804
2017/2/21	30.793
2017/2/22	30.779
2017/2/23	30.745
2017/2/24	30.65
2017/3/1	30.76
2017/3/2	30.795
2017/3/3	31.02
2017/3/6	30.982
2017/3/7	30.85
2017/3/8	30.865
2017/3/9	31.02
2017/3/10	31.036
2017/3/13	30.916
2017/3/14	30.966
2017/3/15	30.84
2017/3/16	30.657
2017/3/17	30.626
2017/3/20	30.527
2017/3/21	30.458
2017/3/22	30.503
2017/3/23	30.488
2017/3/24	30.488
2017/3/27	30.25
2017/3/28	30.17
2017/3/29	30.285
2017/3/30	30.315
2017/3/31	30.336
2017/4/5	30.381
2017/4/6	30.56
2017/4/7	30.601
2017/4/10	30.652
2017/4/11	30.65
2017/4/12	30.556
2017/4/13	30.325
2017/4/14	30.4
2017/4/17	30.35
2017/4/18	30.406
2017/4/19	30.418
2017/4/20	30.408
2017/4/21	30.363
2017/4/24	30.272
2017/4/25	30.152
2017/4/26	30.151
2017/4/27	30.156
2017/4/28	30.218
2017/5/2	30.062
2017/5/3	30.072
2017/5/4	30.14
2017/5/5	30.182
2017/5/8	30.166
2017/5/9	30.258
2017/5/10	30.266
2017/5/11	30.215
2017/5/12	30.201
2017/5/15	30.158
2017/5/16	30.115
2017/5/17	30.14
2017/5/18	30.225
2017/5/19	30.21
2017/5/22	30.052
2017/5/23	30.166
2017/5/24	30.183
2017/5/25	30.084
2017/5/26	30.122
2017/5/31	30.102
2017/6/1	30.117
2017/6/2	30.117
2017/6/3	30.127
2017/6/5	30.09
2017/6/6	30.093
2017/6/7	30.095
2017/6/8	30.105
2017/6/9	30.108
2017/6/12	30.176
2017/6/13	30.227
2017/6/14	30.23
2017/6/15	30.247
2017/6/16	30.381
2017/6/19	30.361
2017/6/20	30.401
2017/6/21	30.471
2017/6/22	30.442
2017/6/23	30.4
2017/6/26	30.335
2017/6/27	30.341
2017/6/28	30.438
2017/6/29	30.37
2017/6/30	30.436
2017/7/3	30.428
2017/7/4	30.528
2017/7/5	30.509
2017/7/6	30.601
2017/7/7	30.61
2017/7/10	30.585
2017/7/11	30.593
2017/7/12	30.49
2017/7/13	30.385
2017/7/14	30.417
2017/7/17	30.419
2017/7/18	30.37
2017/7/19	30.397
2017/7/20	30.457
2017/7/21	30.451
2017/7/24	30.359
2017/7/25	30.36
2017/7/26	30.402
2017/7/27	30.252
2017/7/28	30.302
2017/7/31	30.227
2017/8/1	30.256
2017/8/2	30.252
2017/8/3	30.227
2017/8/4	30.22
2017/8/7	30.234
2017/8/8	30.201
2017/8/9	30.218
2017/8/10	30.309
2017/8/11	30.358
2017/8/14	30.302
2017/8/15	30.317
2017/8/16	30.365
2017/8/17	30.312
2017/8/18	30.332
2017/8/21	30.328
2017/8/22	30.3
2017/8/23	30.29
2017/8/24	30.265
2017/8/25	30.25
2017/8/28	30.162
2017/8/29	30.2
2017/8/30	30.156
2017/8/31	30.203
2017/9/1	30.156
2017/9/4	30.101
2017/9/5	30.07
2017/9/6	30.105
2017/9/7	30.062
2017/9/8	30.006
2017/9/11	30.026
2017/9/12	30.03
2017/9/13	30.056
2017/9/14	30.106
2017/9/15	30.075
2017/9/18	30.108
2017/9/19	30.137
2017/9/20	30.132
2017/9/21	30.208
2017/9/22	30.191
2017/9/25	30.172
2017/9/26	30.216
2017/9/27	30.303
2017/9/28	30.405
2017/9/29	30.336
2017/9/30	30.305
2017/10/2	30.413
2017/10/3	30.45
2017/10/5	30.35
2017/10/6	30.376
2017/10/11	30.232
2017/10/12	30.213
2017/10/13	30.185
2017/10/16	30.158
2017/10/17	30.205
2017/10/18	30.2
2017/10/19	30.23
2017/10/20	30.241
2017/10/23	30.262
2017/10/24	30.27
2017/10/25	30.266
2017/10/26	30.229
2017/10/27	30.277
2017/10/30	30.205
2017/10/31	30.17
2017/11/1	30.175
2017/11/2	30.186
2017/11/3	30.172
2017/11/6	30.204
2017/11/7	30.17
2017/11/8	30.187
2017/11/9	30.18
2017/11/10	30.172
2017/11/13	30.19
2017/11/14	30.18
2017/11/15	30.15
2017/11/16	30.158
2017/11/17	30.101
2017/11/20	30.102
2017/11/21	30.06
2017/11/22	30.02
2017/11/23	30.007
2017/11/24	30.01
2017/11/27	30.006
2017/11/28	30.001
2017/11/29	29.99
2017/11/30	30.01
2017/12/1	30.028
2017/12/4	30.036
2017/12/5	29.993
2017/12/6	30.01
2017/12/7	30.025
2017/12/8	30.015
2017/12/11	30.018
2017/12/12	30.018
2017/12/13	30.026
2017/12/14	30.006
2017/12/15	29.992
2017/12/18	30.006
2017/12/19	29.99
2017/12/20	29.99
2017/12/21	29.988
2017/12/22	29.968
2017/12/25	29.968
2017/12/26	29.945
2017/12/27	29.94
2017/12/28	29.84
2017/12/29	29.848
2018/1/2	29.628
2018/1/3	29.6
2018/1/4	29.59
2018/1/5	29.523
2018/1/8	29.523
2018/1/9	29.536
2018/1/10	29.601
2018/1/11	29.605
2018/1/12	29.6
2018/1/15	29.542
2018/1/16	29.555
2018/1/17	29.56
2018/1/18	29.562
2018/1/19	29.43
2018/1/22	29.432
2018/1/23	29.402
2018/1/24	29.302
2018/1/25	29.069
2018/1/26	29.101
2018/1/29	29.15
2018/1/30	29.24
2018/1/31	29.15
2018/2/1	29.207
2018/2/2	29.235
2018/2/5	29.307
2018/2/6	29.386
2018/2/7	29.27
2018/2/8	29.39
2018/2/9	29.407
2018/2/12	29.4
2018/2/13	29.358
2018/2/14	29.342
2018/2/21	29.245
2018/2/22	29.301
2018/2/23	29.306
2018/2/26	29.235
2018/2/27	29.23
2018/3/1	29.318
2018/3/2	29.29
2018/3/5	29.292
2018/3/6	29.287
2018/3/7	29.254
2018/3/8	29.261
2018/3/9	29.3
2018/3/12	29.28
2018/3/13	29.252
2018/3/14	29.257
2018/3/15	29.2
2018/3/16	29.231
2018/3/19	29.201
2018/3/20	29.175
2018/3/21	29.189
2018/3/22	29.153
2018/3/23	29.17
2018/3/26	29.153
2018/3/27	29.135
2018/3/28	29.163
2018/3/29	29.165
2018/3/30	29.12
2018/3/31	29.12
2018/4/2	29.142
2018/4/3	29.148
2018/4/9	29.209
2018/4/10	29.19
2018/4/11	29.201
2018/4/12	29.26
2018/4/13	29.302
2018/4/16	29.425
2018/4/17	29.362
2018/4/18	29.366
2018/4/19	29.34
2018/4/20	29.407
2018/4/23	29.528
2018/4/24	29.616
2018/4/25	29.66
2018/4/26	29.705
2018/4/27	29.636
2018/4/30	29.605
2018/5/2	29.758
2018/5/3	29.742
2018/5/4	29.716
2018/5/7	29.763
2018/5/8	29.783
2018/5/9	29.928
2018/5/10	29.872
2018/5/11	29.773
2018/5/14	29.742
2018/5/15	29.848
2018/5/16	29.892
2018/5/17	29.906
2018/5/18	29.912
2018/5/21	29.992
2018/5/22	29.922
2018/5/23	29.96
2018/5/24	29.93
2018/5/25	29.945
2018/5/28	29.928
2018/5/29	29.988
2018/5/30	30.05
2018/5/31	29.98
2018/6/1	29.864
2018/6/4	29.82
2018/6/5	29.815
2018/6/6	29.738
2018/6/7	29.74
2018/6/8	29.816
2018/6/11	29.821
2018/6/12	29.86
2018/6/13	29.89
2018/6/14	29.938
2018/6/15	30.002
2018/6/19	30.186
2018/6/20	30.17
2018/6/21	30.302
2018/6/22	30.307
2018/6/25	30.403
2018/6/26	30.412
2018/6/27	30.454
2018/6/28	30.586
2018/6/29	30.5
2018/7/2	30.523
2018/7/3	30.586
2018/7/4	30.501
2018/7/5	30.54
2018/7/6	30.5
2018/7/9	30.386
2018/7/10	30.403
2018/7/11	30.481
2018/7/12	30.542
2018/7/13	30.556
2018/7/16	30.575
2018/7/17	30.516
2018/7/18	30.582
2018/7/19	30.632
2018/7/20	30.716
2018/7/23	30.645
2018/7/24	30.72
2018/7/25	30.632
2018/7/26	30.573
2018/7/27	30.592
2018/7/30	30.609
2018/7/31	30.614
2018/8/1	30.616
2018/8/2	30.682
2018/8/3	30.706
2018/8/6	30.63
2018/8/7	30.621
2018/8/8	30.616
2018/8/9	30.626
2018/8/10	30.708
2018/8/13	30.812
2018/8/14	30.807
2018/8/15	30.858
2018/8/16	30.845
2018/8/17	30.802
2018/8/20	30.76
2018/8/21	30.73
2018/8/22	30.73
2018/8/23	30.79
2018/8/24	30.783
2018/8/27	30.772
2018/8/28	30.724
2018/8/29	30.706
2018/8/30	30.711
2018/8/31	30.731
2018/9/3	30.712
2018/9/4	30.766
2018/9/5	30.806
2018/9/6	30.802
2018/9/7	30.776
2018/9/10	30.83
2018/9/11	30.814
2018/9/12	30.825
2018/9/13	30.805
2018/9/14	30.76
2018/9/17	30.805
2018/9/18	30.813
2018/9/19	30.793
2018/9/20	30.795
2018/9/21	30.716
2018/9/25	30.675
2018/9/26	30.697
2018/9/27	30.602
2018/9/28	30.551
2018/10/1	30.556
2018/10/2	30.668
2018/10/3	30.67
2018/10/4	30.792
2018/10/5	30.84
2018/10/8	30.926
2018/10/9	30.968
2018/10/11	31.105
2018/10/12	30.91
2018/10/15	30.94
2018/10/16	30.92
2018/10/17	30.85
2018/10/18	30.975
2018/10/19	30.976
2018/10/22	30.92
2018/10/23	30.985
2018/10/24	30.947
2018/10/25	30.996
2018/10/26	31.006
2018/10/29	30.996
2018/10/30	30.985
2018/10/31	30.968
2018/11/1	30.926
2018/11/2	30.738
2018/11/5	30.771
2018/11/6	30.782
2018/11/7	30.76
2018/11/8	30.702
2018/11/9	30.812
2018/11/12	30.888
2018/11/13	30.902
2018/11/14	30.932
2018/11/15	30.845
2018/11/16	30.888
2018/11/19	30.906
2018/11/20	30.908
2018/11/21	30.908
2018/11/22	30.894
2018/11/23	30.902
2018/11/26	30.886
2018/11/27	30.9
2018/11/28	30.91
2018/11/29	30.84
2018/11/30	30.85
2018/12/3	30.752
2018/12/4	30.705
2018/12/5	30.806
2018/12/6	30.857
2018/12/7	30.841
2018/12/10	30.877
2018/12/11	30.894
2018/12/12	30.881
2018/12/13	30.85
2018/12/14	30.867
2018/12/17	30.87
2018/12/18	30.87
2018/12/19	30.813
2018/12/20	30.843
2018/12/21	30.8
2018/12/22	30.824
2018/12/24	30.838
2018/12/25	30.81
2018/12/26	30.815
2018/12/27	30.802
2018/12/28	30.733
2019/1/2	30.794
2019/1/3	30.886
2019/1/4	30.863
2019/1/7	30.812
2019/1/8	30.836
2019/1/9	30.801
2019/1/10	30.782
2019/1/11	30.802
2019/1/14	30.851
2019/1/15	30.82
2019/1/16	30.831
2019/1/17	30.852
2019/1/18	30.842
2019/1/19	30.842
2019/1/21	30.851
2019/1/22	30.896
2019/1/23	30.892
2019/1/24	30.885
2019/1/25	30.825
2019/1/28	30.79
2019/1/29	30.811
2019/1/30	30.776
2019/1/31	30.74
2019/2/1	30.745
2019/2/11	30.809
2019/2/12	30.831
2019/2/13	30.831
2019/2/14	30.833
2019/2/15	30.85
2019/2/18	30.843
2019/2/19	30.846
2019/2/20	30.824
2019/2/21	30.83
2019/2/22	30.822
2019/2/23	30.823
2019/2/25	30.793
2019/2/26	30.783
2019/2/27	30.775
2019/3/4	30.83
2019/3/5	30.847
2019/3/6	30.852
2019/3/7	30.869
2019/3/8	30.902
2019/3/11	30.91
2019/3/12	30.905
2019/3/13	30.91
2019/3/14	30.901
2019/3/15	30.888
2019/3/18	30.832
2019/3/19	30.838
2019/3/20	30.833
2019/3/21	30.816
2019/3/22	30.806
2019/3/25	30.83
2019/3/26	30.835
2019/3/27	30.856
2019/3/28	30.856
2019/3/29	30.825
2019/4/1	30.801
2019/4/2	30.843
2019/4/3	30.817
2019/4/8	30.845
2019/4/9	30.841
2019/4/10	30.845
2019/4/11	30.866
2019/4/12	30.88
2019/4/15	30.866
2019/4/16	30.874
2019/4/17	30.848
2019/4/18	30.841
2019/4/19	30.842
2019/4/22	30.856
2019/4/23	30.858
2019/4/24	30.875
2019/4/25	30.905
2019/4/26	30.907
2019/4/29	30.897
2019/4/30	30.905
2019/5/2	30.905
2019/5/3	30.907
2019/5/6	30.925
2019/5/7	30.911
2019/5/8	30.92
2019/5/9	30.956
2019/5/10	30.958
2019/5/13	31.082
2019/5/14	31.128
2019/5/15	31.11
2019/5/16	31.165
2019/5/17	31.297
2019/5/20	31.385
2019/5/21	31.46
2019/5/22	31.53
2019/5/23	31.547
2019/5/24	31.52
2019/5/27	31.45
2019/5/28	31.484
2019/5/29	31.581
2019/5/30	31.61
2019/5/31	31.612
2019/6/3	31.503
2019/6/4	31.48
2019/6/5	31.39
2019/6/6	31.402
2019/6/10	31.436
2019/6/11	31.436
2019/6/12	31.43
2019/6/13	31.512
2019/6/14	31.53
2019/6/17	31.52
2019/6/18	31.528
2019/6/19	31.35
2019/6/20	31.175
2019/6/21	31.15
2019/6/24	31.11
2019/6/25	31.115
2019/6/26	31.14
2019/6/27	31.101
2019/6/28	31.072
2019/7/1	31.002
2019/7/2	31.052
2019/7/3	31.13
2019/7/4	31.102
2019/7/5	31.107
2019/7/8	31.196
2019/7/9	31.181
2019/7/10	31.16
2019/7/11	31.026
2019/7/12	31.081
2019/7/15	31.052
2019/7/16	31.042
2019/7/17	31.075
2019/7/18	31.077
2019/7/19	31.05
2019/7/22	31.083
2019/7/23	31.091
2019/7/24	31.084
2019/7/25	31.085
2019/7/26	31.09
2019/7/29	31.102
2019/7/30	31.075
2019/7/31	31.096
2019/8/1	31.182
2019/8/2	31.376
2019/8/5	31.628
2019/8/6	31.51
2019/8/7	31.487
2019/8/8	31.363
2019/8/12	31.4
2019/8/13	31.506
2019/8/14	31.402
2019/8/15	31.405
2019/8/16	31.366
2019/8/19	31.352
2019/8/20	31.405
2019/8/21	31.366
2019/8/22	31.384
2019/8/23	31.402
2019/8/26	31.451
2019/8/27	31.415
2019/8/28	31.42
2019/8/29	31.442
2019/8/30	31.41
2019/9/2	31.402
2019/9/3	31.432
2019/9/4	31.365
2019/9/5	31.28
2019/9/6	31.257
2019/9/9	31.25
2019/9/10	31.23
2019/9/11	31.22
2019/9/12	31.055
2019/9/16	31.002
2019/9/17	31.035
2019/9/18	31
2019/9/19	31.006
2019/9/20	30.98
2019/9/23	31.057
2019/9/24	31.013
2019/9/25	31.034
2019/9/26	31.04
2019/9/27	31.042
2019/10/1	31.045
2019/10/2	31.063
2019/10/3	31.064
2019/10/4	30.973
2019/10/5	30.973
2019/10/7	30.902
2019/10/8	30.842
2019/10/9	30.85
2019/10/14	30.62
2019/10/15	30.686
2019/10/16	30.722
2019/10/17	30.681
2019/10/18	30.611
2019/10/21	30.592
2019/10/22	30.594
2019/10/23	30.611
2019/10/24	30.586
2019/10/25	30.594
2019/10/28	30.572
2019/10/29	30.522
2019/10/30	30.533
2019/10/31	30.462
2019/11/1	30.479
2019/11/4	30.405
2019/11/5	30.371
2019/11/6	30.4
2019/11/7	30.406
2019/11/8	30.412
2019/11/11	30.435
2019/11/12	30.422
2019/11/13	30.503
2019/11/14	30.582
2019/11/15	30.538
2019/11/18	30.501
2019/11/19	30.509
2019/11/20	30.5
2019/11/21	30.524
2019/11/22	30.517
2019/11/25	30.507
2019/11/26	30.512
2019/11/27	30.515
2019/11/28	30.505
2019/11/29	30.513
2019/12/2	30.509
2019/12/3	30.507
2019/12/4	30.508
2019/12/5	30.5
2019/12/6	30.5
2019/12/9	30.502
2019/12/10	30.503
2019/12/11	30.505
2019/12/12	30.406
2019/12/13	30.317
2019/12/16	30.263
2019/12/17	30.21
2019/12/18	30.233
2019/12/19	30.208
2019/12/20	30.21
2019/12/23	30.215
2019/12/24	30.205
2019/12/25	30.203
2019/12/26	30.201
2019/12/27	30.203
2019/12/30	30.135
2019/12/31	30.106
2020/1/2	30.114
2020/1/3	30.105
2020/1/6	30.11
2020/1/7	30.082
2020/1/8	30.087
2020/1/9	30.008
2020/1/10	30.019
2020/1/13	29.952
2020/1/14	29.942
2020/1/15	29.95
2020/1/16	29.955
2020/1/17	29.96
2020/1/20	29.96
2020/1/21	29.998
2020/1/22	30.006
2020/1/30	30.277
2020/1/31	30.25
2020/2/3	30.332
2020/2/4	30.207
2020/2/5	30.152
2020/2/6	30.082
2020/2/7	30.126
2020/2/10	30.102
2020/2/11	30.068
2020/2/12	30.032
2020/2/13	30.037
2020/2/14	30.051
2020/2/15	30.051
2020/2/17	30.056
2020/2/18	30.125
2020/2/19	30.152
2020/2/20	30.254
2020/2/21	30.403
2020/2/24	30.472
2020/2/25	30.402
2020/2/26	30.383
2020/2/27	30.33
2020/3/2	30.124
2020/3/3	30.087
2020/3/4	30.038
2020/3/5	29.96
2020/3/6	30.04
2020/3/9	30.13
2020/3/10	30.036
2020/3/11	30.095
2020/3/12	30.15
2020/3/13	30.21
2020/3/16	30.22
2020/3/17	30.25
2020/3/18	30.276
2020/3/19	30.506
2020/3/20	30.302
2020/3/23	30.405
2020/3/24	30.316
2020/3/25	30.325
2020/3/26	30.306
2020/3/27	30.236
2020/3/30	30.25
2020/3/31	30.254
2020/4/1	30.308
2020/4/6	30.231
2020/4/7	30.152
2020/4/8	30.16
2020/4/9	30.152
2020/4/10	30.103
2020/4/13	30.12
2020/4/14	30.071
2020/4/15	30.031
2020/4/16	30.12
2020/4/17	30.102
2020/4/20	30.072
2020/4/21	30.102
2020/4/22	30.1
2020/4/23	30.072
2020/4/24	30.08
2020/4/27	30.025
2020/4/28	30.036
2020/4/29	29.951
2020/4/30	29.802
2020/5/4	29.9
2020/5/5	29.88
2020/5/6	29.91
2020/5/7	29.95
2020/5/8	29.902
2020/5/11	29.861
2020/5/12	29.92
2020/5/13	29.906
2020/5/14	29.948
2020/5/15	29.95
2020/5/18	29.98
2020/5/19	29.95
2020/5/20	29.96
2020/5/21	29.95
2020/5/22	30.009
2020/5/25	30.076
2020/5/26	29.988
2020/5/27	30.03
2020/5/28	30.045
2020/5/29	30.032
2020/6/1	29.952
2020/6/2	29.988
2020/6/3	29.905
2020/6/4	29.926
2020/6/5	29.839
2020/6/8	29.811
2020/6/9	29.803
2020/6/10	29.716
2020/6/11	29.733
2020/6/12	29.762
2020/6/15	29.77
2020/6/16	29.704
2020/6/17	29.682
2020/6/18	29.655
2020/6/19	29.66
2020/6/20	29.66
2020/6/22	29.66
2020/6/23	29.635
2020/6/24	29.64
2020/6/29	29.625
2020/6/30	29.66
2020/7/1	29.612
2020/7/2	29.586
2020/7/3	29.609
2020/7/6	29.551
2020/7/7	29.58
2020/7/8	29.606
2020/7/9	29.581
2020/7/10	29.613
2020/7/13	29.584
2020/7/14	29.595
2020/7/15	29.582
2020/7/16	29.596
2020/7/17	29.593
2020/7/20	29.565
2020/7/21	29.553
2020/7/22	29.527
2020/7/23	29.536
2020/7/24	29.556
2020/7/27	29.507
2020/7/28	29.502
2020/7/29	29.501
2020/7/30	29.521
2020/7/31	29.502
2020/8/3	29.531
2020/8/4	29.539
2020/8/5	29.506
2020/8/6	29.503
2020/8/7	29.514
2020/8/10	29.52
2020/8/11	29.531
2020/8/12	29.54
2020/8/13	29.536
2020/8/14	29.542
2020/8/17	29.526
2020/8/18	29.518
2020/8/19	29.508
2020/8/20	29.522
2020/8/21	29.512
2020/8/24	29.517
2020/8/25	29.507
2020/8/26	29.515
2020/8/27	29.51
2020/8/28	29.521
2020/8/31	29.526
2020/9/1	29.521
2020/9/2	29.526
2020/9/3	29.531
2020/9/4	29.537
2020/9/7	29.524
2020/9/8	29.505
2020/9/9	29.53
2020/9/10	29.519
2020/9/11	29.506
2020/9/14	29.486
2020/9/15	29.38
2020/9/16	29.308
2020/9/17	29.31
2020/9/18	29.152
2020/9/21	29.158
2020/9/22	29.202
2020/9/23	29.216
2020/9/24	29.318
2020/9/25	29.275
2020/9/26	29.276
2020/9/28	29.22
2020/9/29	29.151
2020/9/30	29.126
2020/10/5	29.02
2020/10/6	28.96
2020/10/7	28.965
2020/10/8	28.966
2020/10/12	28.909
2020/10/13	28.92
2020/10/14	28.952
2020/10/15	28.96
2020/10/16	28.979
2020/10/19	28.95
2020/10/20	28.932
2020/10/21	28.892
2020/10/22	28.903
2020/10/23	28.917
2020/10/26	28.902
2020/10/27	28.872
2020/10/28	28.906
2020/10/29	28.914
2020/10/30	28.925
2020/11/2	28.909
2020/11/3	28.92
2020/11/4	29.006
2020/11/5	28.874
2020/11/6	28.876
2020/11/9	28.825
2020/11/10	28.856
2020/11/11	28.83
2020/11/12	28.86
2020/11/13	28.847
2020/11/16	28.81
2020/11/17	28.815
2020/11/18	28.758
2020/11/19	28.818
2020/11/20	28.82
2020/11/23	28.803
2020/11/24	28.831
2020/11/25	28.816
2020/11/26	28.811
2020/11/27	28.811
2020/11/30	28.824
2020/12/1	28.837
2020/12/2	28.766
2020/12/3	28.668
2020/12/4	28.521
2020/12/7	28.534
2020/12/8	28.516
2020/12/9	28.51
2020/12/10	28.506
2020/12/11	28.44
2020/12/14	28.45
2020/12/15	28.46
2020/12/16	28.476
2020/12/17	28.481
2020/12/18	28.489
2020/12/21	28.517
2020/12/22	28.545
2020/12/23	28.555
2020/12/24	28.533
2020/12/25	28.541
2020/12/28	28.525
2020/12/29	28.515
2020/12/30	28.507
2020/12/31	28.508
2021/1/4	28.424
2021/1/5	28.402
2021/1/6	28.407
2021/1/7	28.429
2021/1/8	28.457
2021/1/11	28.485
2021/1/12	28.481
2021/1/13	28.445
2021/1/14	28.467
2021/1/15	28.48
2021/1/18	28.49
2021/1/19	28.471
2021/1/20	28.415
2021/1/21	28.373
2021/1/22	28.381
2021/1/25	28.391
2021/1/26	28.41
2021/1/27	28.38
2021/1/28	28.422
2021/1/29	28.412
2021/2/1	28.385
2021/2/2	28.387
2021/2/3	28.377
2021/2/4	28.382
2021/2/5	28.39
2021/2/8	28.39
2021/2/9	28.39
2021/2/17	28.38
2021/2/18	28.33
2021/2/19	28.338
2021/2/20	28.338
2021/2/22	28.336
2021/2/23	28.302
2021/2/24	28.306
2021/2/25	28.256
2021/2/26	28.306
2021/3/2	28.319
2021/3/3	28.258
2021/3/4	28.266
2021/3/5	28.276
2021/3/8	28.303
2021/3/9	28.39
2021/3/10	28.326
2021/3/11	28.241
2021/3/12	28.187
2021/3/15	28.243
2021/3/16	28.263
2021/3/17	28.302
2021/3/18	28.306
2021/3/19	28.463
2021/3/22	28.492
2021/3/23	28.482
2021/3/24	28.538
2021/3/25	28.61
2021/3/26	28.602
2021/3/29	28.552
2021/3/30	28.519
2021/3/31	28.531
2021/4/1	28.533
2021/4/6	28.486
2021/4/7	28.427
2021/4/8	28.43
2021/4/9	28.436
2021/4/12	28.459
2021/4/13	28.465
2021/4/14	28.435
2021/4/15	28.382
2021/4/16	28.341
2021/4/19	28.205
2021/4/20	28.138
2021/4/21	28.151
2021/4/22	28.141
2021/4/23	28.111
2021/4/26	27.959
2021/4/27	27.905
2021/4/28	27.938
2021/4/29	27.95
2021/5/3	27.979
2021/5/4	27.952
2021/5/5	27.96
2021/5/6	27.99
2021/5/7	27.908
2021/5/10	27.816
2021/5/11	27.952
2021/5/12	27.955
2021/5/13	27.996
2021/5/14	28.012
2021/5/17	28.042
2021/5/18	27.952
2021/5/19	27.982
2021/5/20	28.012
2021/5/21	27.94
2021/5/24	27.95
2021/5/25	27.876
2021/5/26	27.821
2021/5/27	27.822
2021/5/28	27.767
2021/5/31	27.657
2021/6/1	27.637
2021/6/2	27.72
2021/6/3	27.704
2021/6/4	27.721
2021/6/7	27.712
2021/6/8	27.703
2021/6/9	27.767
2021/6/10	27.704
2021/6/11	27.631
2021/6/15	27.652
2021/6/16	27.691
2021/6/17	27.765
2021/6/18	27.81
2021/6/21	27.952
2021/6/22	27.962
2021/6/23	28.006
2021/6/24	28.002
2021/6/25	27.907
2021/6/28	27.91
2021/6/29	27.908
2021/6/30	27.87
2021/7/1	27.904
2021/7/2	27.99
2021/7/5	27.915
2021/7/6	27.916
2021/7/7	27.993
2021/7/8	28.034
2021/7/9	28.086
2021/7/12	28.015
2021/7/13	27.997
2021/7/14	28.007
2021/7/15	27.892
2021/7/16	28.005
2021/7/19	28.052
2021/7/20	28.06
2021/7/21	28.073
2021/7/22	28.018
2021/7/23	28.028
2021/7/26	28.072
2021/7/27	28.055
2021/7/28	28.005
2021/7/29	27.945
2021/7/30	27.966
2021/8/2	27.932
2021/8/3	27.93
2021/8/4	27.833
2021/8/5	27.781
2021/8/6	27.813
2021/8/9	27.826
2021/8/10	27.831
2021/8/11	27.847
2021/8/12	27.819
2021/8/13	27.86
2021/8/16	27.848
2021/8/17	27.869
2021/8/18	27.843
2021/8/19	27.969
2021/8/20	28.008
2021/8/23	27.985
2021/8/24	27.942
2021/8/25	27.927
2021/8/26	27.937
2021/8/27	27.928
2021/8/30	27.813
2021/8/31	27.772
2021/9/1	27.742
2021/9/2	27.732
2021/9/3	27.703
2021/9/6	27.663
2021/9/7	27.673
2021/9/8	27.746
2021/9/9	27.752
2021/9/10	27.69
2021/9/11	27.71
2021/9/13	27.72
2021/9/14	27.713
2021/9/15	27.708
2021/9/16	27.715
2021/9/17	27.736
2021/9/22	27.782
2021/9/23	27.773
2021/9/24	27.731
2021/9/27	27.722
2021/9/28	27.785
2021/9/29	27.82
2021/9/30	27.866
2021/10/1	27.882
2021/10/4	27.866
2021/10/5	27.907
2021/10/6	27.97
2021/10/7	27.952
2021/10/8	28.046
2021/10/12	28.152
2021/10/13	28.145
2021/10/14	28.103
2021/10/15	28.027
2021/10/18	28.015
2021/10/19	27.935
2021/10/20	27.911
2021/10/21	27.912
2021/10/22	27.902
2021/10/25	27.876
2021/10/26	27.842
2021/10/27	27.827
2021/10/28	27.834
2021/10/29	27.82
2021/11/1	27.85
2021/11/2	27.85
2021/11/3	27.853
2021/11/4	27.866
2021/11/5	27.882
2021/11/8	27.842
2021/11/9	27.772
2021/11/10	27.785
2021/11/11	27.84
2021/11/12	27.836
2021/11/15	27.782
2021/11/16	27.79
2021/11/17	27.815
2021/11/18	27.803
2021/11/19	27.795
2021/11/22	27.783
2021/11/23	27.809
2021/11/24	27.793
2021/11/25	27.801
2021/11/26	27.836
2021/11/29	27.807
2021/11/30	27.81
2021/12/1	27.76
2021/12/2	27.766
2021/12/3	27.723
2021/12/6	27.741
2021/12/7	27.771
2021/12/8	27.742
2021/12/9	27.71
2021/12/10	27.737
2021/12/13	27.796
2021/12/14	27.816
2021/12/15	27.804
2021/12/16	27.817
2021/12/17	27.78
2021/12/20	27.84
2021/12/21	27.825
2021/12/22	27.82
2021/12/23	27.788
2021/12/24	27.738
2021/12/27	27.715
2021/12/28	27.685
2021/12/29	27.688
2021/12/30	27.69
2022/1/3	27.632
2022/1/4	27.642
2022/1/5	27.621
2022/1/6	27.651
2022/1/7	27.69
2022/1/10	27.668
2022/1/11	27.684
2022/1/12	27.668
2022/1/13	27.648
2022/1/14	27.624
2022/1/17	27.607
2022/1/18	27.624
2022/1/19	27.651
2022/1/20	27.636
2022/1/21	27.702
2022/1/22	27.7
2022/1/24	27.696
2022/1/25	27.717
2022/1/26	27.745
2022/1/27	27.806
2022/1/28	27.828
2022/2/7	27.841
2022/2/8	27.838
2022/2/9	27.822
2022/2/10	27.825
2022/2/11	27.846
2022/2/14	27.873
2022/2/15	27.892
2022/2/16	27.892
2022/2/17	27.872
2022/2/18	27.87
2022/2/21	27.83
2022/2/22	27.88
2022/2/23	27.884
2022/2/24	28.023
2022/2/25	28.021
2022/3/1	28.02
2022/3/2	28.07
2022/3/3	28.061
2022/3/4	28.115
2022/3/7	28.25
2022/3/8	28.362
2022/3/9	28.435
2022/3/10	28.345
2022/3/11	28.403
2022/3/14	28.53
2022/3/15	28.612
2022/3/16	28.625
2022/3/17	28.456
2022/3/18	28.36
2022/3/21	28.487
2022/3/22	28.543
2022/3/23	28.551
2022/3/24	28.602
2022/3/25	28.613
2022/3/28	28.755
2022/3/29	28.765
2022/3/30	28.58
2022/3/31	28.622
2022/4/1	28.705
2022/4/6	28.77
2022/4/7	28.828
2022/4/8	28.906
2022/4/11	29.05
2022/4/12	29.145
2022/4/13	29.086
2022/4/14	29.004
2022/4/15	29.118
2022/4/18	29.186
2022/4/19	29.23
2022/4/20	29.249
2022/4/21	29.209
2022/4/22	29.26
2022/4/25	29.37
2022/4/26	29.31
2022/4/27	29.396
2022/4/28	29.525
2022/4/29	29.48
2022/5/3	29.53
2022/5/4	29.525
2022/5/5	29.509
2022/5/6	29.66
2022/5/9	29.733
2022/5/10	29.712
2022/5/11	29.705
2022/5/12	29.823
2022/5/13	29.807
2022/5/16	29.814
2022/5/17	29.732
2022/5/18	29.71
2022/5/19	29.769
2022/5/20	29.655
2022/5/23	29.62
2022/5/24	29.622
2022/5/25	29.556
2022/5/26	29.505
2022/5/27	29.35
2022/5/30	29.144
2022/5/31	29.065
2022/6/1	29.27
2022/6/2	29.388
2022/6/6	29.415
2022/6/7	29.514
2022/6/8	29.52
2022/6/9	29.526
2022/6/10	29.584
2022/6/13	29.742
2022/6/14	29.708
2022/6/15	29.74
2022/6/16	29.735
2022/6/17	29.72
2022/6/20	29.74
2022/6/21	29.715
2022/6/22	29.79
2022/6/23	29.782
2022/6/24	29.732
2022/6/27	29.612
2022/6/28	29.64
2022/6/29	29.682
2022/6/30	29.726
2022/7/1	29.755
2022/7/4	29.745
2022/7/5	29.765
2022/7/6	29.81
2022/7/7	29.79
2022/7/8	29.782
2022/7/11	29.818
2022/7/12	29.895
2022/7/13	29.855
2022/7/14	29.889
2022/7/15	29.946
2022/7/18	29.914
2022/7/19	29.902
2022/7/20	29.896
2022/7/21	29.89
2022/7/22	29.916
2022/7/25	29.908
2022/7/26	29.914
2022/7/27	29.933
2022/7/28	29.928
2022/7/29	29.938
2022/8/1	29.98
2022/8/2	29.996
2022/8/3	29.99
2022/8/4	29.994
2022/8/5	29.95
2022/8/8	29.996
2022/8/9	29.99
2022/8/10	29.997
2022/8/11	29.942
2022/8/12	29.97
2022/8/15	29.99
2022/8/16	29.994
2022/8/17	29.981
2022/8/18	29.991
2022/8/19	30.02
2022/8/22	30.095
2022/8/23	30.204
2022/8/24	30.271
2022/8/25	30.194
2022/8/26	30.218
2022/8/29	30.396
2022/8/30	30.468
2022/8/31	30.435
2022/9/1	30.531
2022/9/2	30.588
2022/9/5	30.71
2022/9/6	30.746
2022/9/7	30.928
2022/9/8	30.895
2022/9/12	30.87
2022/9/13	30.89
2022/9/14	31.088
2022/9/15	31.13
2022/9/16	31.293
2022/9/19	31.35
2022/9/20	31.345
2022/9/21	31.44
2022/9/22	31.616
2022/9/23	31.665
2022/9/26	31.818
2022/9/27	31.78
2022/9/28	31.871
2022/9/29	31.847
2022/9/30	31.743
2022/10/3	31.868
2022/10/4	31.748
2022/10/5	31.568
2022/10/6	31.53
2022/10/7	31.668
2022/10/11	31.867
2022/10/12	31.839
2022/10/13	31.889
2022/10/14	31.884
2022/10/17	31.997
2022/10/18	31.994
2022/10/19	32.022
2022/10/20	32.107
2022/10/21	32.188
2022/10/24	32.226
2022/10/25	32.319
2022/10/26	32.215
2022/10/27	32.108
2022/10/28	32.148
2022/10/31	32.21
2022/11/1	32.179
2022/11/2	32.17
2022/11/3	32.245
2022/11/4	32.185
2022/11/7	32.082
2022/11/8	32.062
2022/11/9	31.903
2022/11/10	31.905
2022/11/11	31.41
2022/11/14	31.116
2022/11/15	31.105
2022/11/16	31.115
2022/11/17	31.158
2022/11/18	31.17
2022/11/21	31.21
2022/11/22	31.213
2022/11/23	31.218
2022/11/24	31.027
2022/11/25	30.905
2022/11/28	31.012
2022/11/29	30.952
2022/11/30	30.902
2022/12/1	30.633
2022/12/2	30.605
2022/12/5	30.455
2022/12/6	30.638
2022/12/7	30.662
2022/12/8	30.685
2022/12/9	30.622
2022/12/12	30.714
2022/12/13	30.724
2022/12/14	30.582
2022/12/15	30.625
2022/12/16	30.71
2022/12/19	30.74
2022/12/20	30.72
2022/12/21	30.709
2022/12/22	30.68
2022/12/23	30.712
2022/12/26	30.708
2022/12/27	30.691
2022/12/28	30.715
2022/12/29	30.732
2022/12/30	30.708
2023/1/3	30.698
2023/1/4	30.714
2023/1/5	30.71
2023/1/6	30.712
2023/1/7	30.695
2023/1/9	30.52
2023/1/10	30.463
2023/1/11	30.435
2023/1/12	30.458
2023/1/13	30.387
2023/1/16	30.268
2023/1/17	30.315
2023/1/18	30.333
2023/1/19	30.368
2023/1/30	30.137
2023/1/31	30.052
2023/2/1	29.965
2023/2/2	29.7
2023/2/3	29.72
2023/2/4	29.9
2023/2/6	29.984
2023/2/7	30.043
2023/2/8	30.06
2023/2/9	30.068
2023/2/10	30.136
2023/2/13	30.238
2023/2/14	30.215
2023/2/15	30.308
2023/2/16	30.28
2023/2/17	30.404
2023/2/18	30.41
2023/2/20	30.371
2023/2/21	30.415
2023/2/22	30.504
2023/2/23	30.405
2023/2/24	30.48
2023/3/1	30.588
2023/3/2	30.63
2023/3/3	30.627
2023/3/6	30.576
2023/3/7	30.594
2023/3/8	30.79
2023/3/9	30.81
2023/3/10	30.848
2023/3/13	30.651
2023/3/14	30.62
2023/3/15	30.592
2023/3/16	30.631
2023/3/17	30.554
2023/3/20	30.593
2023/3/21	30.563
2023/3/22	30.526
2023/3/23	30.372
2023/3/24	30.353
2023/3/25	30.388
2023/3/27	30.372
2023/3/28	30.385
2023/3/29	30.455
2023/3/30	30.461
2023/3/31	30.454
2023/4/6	30.528
2023/4/7	30.446
2023/4/10	30.452
2023/4/11	30.475
2023/4/12	30.505
2023/4/13	30.496
2023/4/14	30.465
2023/4/17	30.494
2023/4/18	30.527
2023/4/19	30.562
2023/4/20	30.612
2023/4/21	30.622
2023/4/24	30.645
2023/4/25	30.68
2023/4/26	30.725
2023/4/27	30.71
2023/4/28	30.74
2023/5/2	30.782
2023/5/3	30.746
2023/5/4	30.666
2023/5/5	30.641
2023/5/8	30.673
2023/5/9	30.702
2023/5/10	30.729
2023/5/11	30.738
2023/5/12	30.758
2023/5/15	30.813
2023/5/16	30.805
2023/5/17	30.817
2023/5/18	30.766
2023/5/19	30.682
2023/5/22	30.677
2023/5/23	30.748
2023/5/24	30.794
2023/5/25	30.79
2023/5/26	30.748
2023/5/29	30.652
2023/5/30	30.66
2023/5/31	30.766
2023/6/1	30.74
2023/6/2	30.655
2023/6/5	30.695
2023/6/6	30.728
2023/6/7	30.712
2023/6/8	30.76
2023/6/9	30.725
2023/6/12	30.754
2023/6/13	30.716
2023/6/14	30.72
2023/6/15	30.724
2023/6/16	30.708
2023/6/17	30.738
2023/6/19	30.796
2023/6/20	30.89
2023/6/21	30.92
2023/6/26	31.017
2023/6/27	31.03
2023/6/28	31.072
2023/6/29	31.078
2023/6/30	31.135
2023/7/3	31.131
2023/7/4	31.116
2023/7/5	31.152
2023/7/6	31.22
2023/7/7	31.33
2023/7/10	31.385
2023/7/11	31.32
2023/7/12	31.238
2023/7/13	31.086
2023/7/14	30.893
2023/7/17	31.052
2023/7/18	30.996
2023/7/19	31.063
2023/7/20	31.077
2023/7/21	31.24
2023/7/24	31.352
2023/7/25	31.306
2023/7/26	31.252
2023/7/27	31.238
2023/7/28	31.39
2023/7/31	31.43
2023/8/1	31.518
2023/8/2	31.625
2023/8/4	31.691
2023/8/7	31.67
2023/8/8	31.81
2023/8/9	31.75
2023/8/10	31.762
2023/8/11	31.798
2023/8/14	31.924
2023/8/15	31.935
2023/8/16	31.895
2023/8/17	31.974
2023/8/18	31.942
2023/8/21	31.965
2023/8/22	31.938
2023/8/23	31.926
2023/8/24	31.795
2023/8/25	31.85
2023/8/28	31.874
2023/8/29	31.884
2023/8/30	31.856
2023/8/31	31.854
2023/9/1	31.861
2023/9/4	31.88
2023/9/5	31.895
2023/9/6	31.967
2023/9/7	31.995
2023/9/8	32.008
2023/9/11	31.98
2023/9/12	32.032
2023/9/13	31.968
2023/9/14	31.91
2023/9/15	31.928
2023/9/18	31.978
2023/9/19	32.002
2023/9/20	32.022
2023/9/21	32.112
2023/9/22	32.126
2023/9/23	32.122
2023/9/25	32.148
2023/9/26	32.228
2023/9/27	32.245
2023/9/28	32.268
2023/10/2	32.237
2023/10/3	32.328
2023/10/4	32.325
2023/10/5	32.261
2023/10/6	32.207
2023/10/11	32.122
2023/10/12	32.125
2023/10/13	32.219
2023/10/16	32.279
2023/10/17	32.295
2023/10/18	32.29
2023/10/19	32.323
2023/10/20	32.32
2023/10/23	32.348
2023/10/24	32.316
2023/10/25	32.341
2023/10/26	32.43
2023/10/27	32.425
2023/10/30	32.425
2023/10/31	32.419
2023/11/1	32.484
2023/11/2	32.361
2023/11/3	32.303
2023/11/6	32.143
2023/11/7	32.197
2023/11/8	32.248
2023/11/9	32.258
2023/11/10	32.352
2023/11/13	32.332
2023/11/14	32.33
2023/11/15	32.108
2023/11/16	32.01
2023/11/17	31.856
2023/11/20	31.658
2023/11/21	31.448
2023/11/22	31.595
2023/11/23	31.545
2023/11/24	31.628
2023/11/27	31.57
2023/11/28	31.468
2023/11/29	31.25
2023/11/30	31.26
2023/12/1	31.475
2023/12/4	31.415
2023/12/5	31.493
2023/12/6	31.505
2023/12/7	31.529
2023/12/8	31.374
2023/12/11	31.512
2023/12/12	31.509
2023/12/13	31.526
2023/12/14	31.33
2023/12/15	31.268
2023/12/18	31.314
2023/12/19	31.361
2023/12/20	31.31
2023/12/21	31.282
2023/12/22	31.203
2023/12/25	31.14
2023/12/26	31.065
2023/12/27	30.88
2023/12/28	30.718
2023/12/29	30.735
2024/1/2	30.866
2024/1/3	31.01
2024/1/4	31.016
2024/1/5	31.025
2024/1/8	31.001
2024/1/9	31.023
2024/1/10	31.14
2024/1/11	31.103
2024/1/12	31.129
2024/1/15	31.215
2024/1/16	31.392
2024/1/17	31.589
2024/1/18	31.571
2024/1/19	31.44
2024/1/22	31.352
2024/1/23	31.328
2024/1/24	31.345
2024/1/25	31.315
2024/1/26	31.305
2024/1/29	31.253
2024/1/30	31.162
2024/1/31	31.301
2024/2/1	31.338
2024/2/2	31.243
2024/2/5	31.375
2024/2/6	31.338
2024/2/7	31.358
2024/2/15	31.425
2024/2/16	31.364
2024/2/17	31.37
2024/2/19	31.395
2024/2/20	31.492
2024/2/21	31.525
2024/2/22	31.519
2024/2/23	31.555
2024/2/26	31.55
2024/2/27	31.57
2024/2/29	31.577
2024/3/1	31.606
2024/3/4	31.53
2024/3/5	31.565
2024/3/6	31.575
2024/3/7	31.536
2024/3/8	31.438
2024/3/11	31.414
2024/3/12	31.412
2024/3/13	31.46
2024/3/14	31.497
2024/3/15	31.593
2024/3/18	31.659
2024/3/19	31.772
2024/3/20	31.868
2024/3/21	31.832
2024/3/22	31.958
2024/3/25	31.865
2024/3/26	31.896
2024/3/27	31.998
2024/3/28	31.988
2024/3/29	31.99
2024/4/1	31.979
2024/4/2	32.076
2024/4/3	32.057
2024/4/8	32.095
2024/4/9	32.098
2024/4/10	32.02
2024/4/11	32.211
2024/4/12	32.293
2024/4/15	32.378
2024/4/16	32.49
2024/4/17	32.478
2024/4/18	32.376
2024/4/19	32.512
2024/4/22	32.636
2024/4/23	32.593
2024/4/24	32.528
2024/4/25	32.578
2024/4/26	32.56
2024/4/29	32.558
2024/4/30	32.542
2024/5/2	32.496
2024/5/3	32.376
2024/5/6	32.347
2024/5/7	32.37
2024/5/8	32.408
2024/5/9	32.46
2024/5/10	32.413
2024/5/13	32.411
2024/5/14	32.415
2024/5/15	32.312
2024/5/16	32.12
2024/5/17	32.206
2024/5/20	32.236
2024/5/21	32.294
2024/5/22	32.275
2024/5/23	32.246
2024/5/24	32.258
2024/5/27	32.187
2024/5/28	32.168
2024/5/29	32.298
2024/5/30	32.441
2024/5/31	32.42
2024/6/3	32.396
2024/6/4	32.394
2024/6/5	32.348
2024/6/6	32.28
2024/6/7	32.25
2024/6/11	32.395
2024/6/12	32.386
2024/6/13	32.33
2024/6/14	32.35
2024/6/17	32.385
2024/6/18	32.397
2024/6/19	32.358
2024/6/20	32.328
2024/6/21	32.369
2024/6/24	32.395
2024/6/25	32.443
2024/6/26	32.554
2024/6/27	32.53
2024/6/28	32.45
2024/7/1	32.546
2024/7/2	32.627
2024/7/3	32.632
2024/7/4	32.48
2024/7/5	32.475
2024/7/8	32.493
2024/7/9	32.54
2024/7/10	32.586
2024/7/11	32.506
2024/7/12	32.561
2024/7/15	32.572
2024/7/16	32.625
2024/7/17	32.616
2024/7/18	32.605
2024/7/19	32.73
2024/7/22	32.848
2024/7/23	32.838
2024/7/26	32.831
2024/7/29	32.87
2024/7/30	32.846
2024/7/31	32.836
2024/8/1	32.762
2024/8/2	32.817
2024/8/5	32.639
2024/8/6	32.688
2024/8/7	32.681
2024/8/8	32.593
2024/8/9	32.44
2024/8/12	32.46
2024/8/13	32.47
2024/8/14	32.304
2024/8/15	32.301
2024/8/16	32.288
2024/8/19	32.03
2024/8/20	31.993
2024/8/21	31.938
2024/8/22	31.966
2024/8/23	31.976
2024/8/26	31.817
2024/8/27	31.93
2024/8/28	31.95
2024/8/29	31.903
2024/8/30	31.94
2024/9/2	32.021
2024/9/3	32.062
2024/9/4	32.188
2024/9/5	32.071
2024/9/6	31.926
2024/9/9	32.09
2024/9/10	32.173
2024/9/11	32.105
2024/9/12	32.128
2024/9/13	31.992
2024/9/16	31.91
2024/9/18	31.94
2024/9/19	31.932
2024/9/20	31.962
2024/9/23	32.033
2024/9/24	31.966
2024/9/25	31.84
2024/9/26	31.845
2024/9/27	31.688
2024/9/30	31.651
2024/10/1	31.837
2024/10/4	31.963
2024/10/7	32.131
2024/10/8	32.22
2024/10/9	32.16
2024/10/11	32.182
2024/10/14	32.168
2024/10/15	32.18
2024/10/16	32.175
2024/10/17	32.168
2024/10/18	32.083
2024/10/21	31.985
2024/10/22	32.058
2024/10/23	32.088
2024/10/24	32.085
2024/10/25	32.071
2024/10/28	32.09
2024/10/29	32.101
2024/10/30	32.031
2024/11/1	31.968
2024/11/4	31.961
2024/11/5	31.968
2024/11/6	32.175
2024/11/7	32.24
2024/11/8	32.115
2024/11/11	32.251
2024/11/12	32.425
2024/11/13	32.45
2024/11/14	32.546
2024/11/15	32.466
2024/11/18	32.531
2024/11/19	32.42
2024/11/20	32.494
2024/11/21	32.545
2024/11/22	32.593
2024/11/25	32.485
2024/11/26	32.51
2024/11/27	32.534
2024/11/28	32.521
2024/11/29	32.457
2024/12/2	32.598
2024/12/3	32.536
2024/12/4	32.448
2024/12/5	32.438
2024/12/6	32.408
2024/12/9	32.47
2024/12/10	32.44
2024/12/11	32.51
2024/12/12	32.488
2024/12/13	32.508
2024/12/16	32.485
2024/12/17	32.515
2024/12/18	32.481
2024/12/19	32.668
2024/12/20	32.691
2024/12/23	32.688
2024/12/24	32.67
2024/12/25	32.668
2024/12/26	32.696
2024/12/27	32.72
2024/12/30	32.717
2024/12/31	32.781
2025/1/2	32.868
2025/1/3	32.917
2025/1/6	32.862
2025/1/7	32.739
2025/1/8	32.883
2025/1/9	32.94
2025/1/10	32.964
2025/1/13	33.119
2025/1/14	32.971
2025/1/15	33.065
2025/1/16	32.928
2025/1/17	32.926
2025/1/20	32.808
2025/1/21	32.765
2025/1/22	32.774
2025/1/23	32.77
2025/1/24	32.682
2025/2/3	32.968
2025/2/4	32.985
2025/2/5	32.838
2025/2/6	32.826
2025/2/7	32.754
2025/2/8	32.786
2025/2/10	32.839
2025/2/11	32.835
2025/2/12	32.861
2025/2/13	32.802
2025/2/14	32.77
2025/2/17	32.695
2025/2/18	32.765
2025/2/19	32.748
2025/2/20	32.791
2025/2/21	32.745
2025/2/24	32.71
2025/2/25	32.795
2025/2/26	32.79
2025/2/27	32.82
2025/3/3	32.917
2025/3/4	32.913
2025/3/5	32.816
2025/3/6	32.854
2025/3/7	32.834
2025/3/10	32.92
2025/3/11	32.884
2025/3/12	32.962
2025/3/13	32.961
2025/3/14	32.954
2025/3/17	33.005
2025/3/18	32.997
2025/3/19	33.043
2025/3/20	33.007
2025/3/21	32.988
2025/3/24	33.038
2025/3/25	33.085
2025/3/26	33.097
2025/3/27	33.103
2025/3/28	33.097
2025/3/31	33.182
2025/4/1	33.196
2025/4/2	33.088
2025/4/7	33.055
2025/4/8	33.007
2025/4/9	33.002
2025/4/10	32.868
2025/4/11	32.705
2025/4/14	32.51
2025/4/15	32.516
2025/4/16	32.52
2025/4/17	32.531
2025/4/18	32.608
2025/4/21	32.46
2025/4/22	32.498
2025/4/23	32.492
2025/4/24	32.529
2025/4/25	32.526
2025/4/28	32.465
2025/4/29	32.229
2025/4/30	32.017
2025/5/2	31.064
2025/5/5	30.145
2025/5/6	30.28
2025/5/7	30.295
2025/5/8	30.303
2025/5/9	30.308
2025/5/12	30.316
2025/5/13	30.455
2025/5/14	30.284
2025/5/15	30.189
2025/5/16	30.172
2025/5/19	30.205
2025/5/20	30.179
2025/5/21	30.158
2025/5/22	30.07
2025/5/23	30.023
2025/5/26	29.935
2025/5/27	29.953
2025/5/28	29.91
2025/5/29	29.929
2025/6/2	29.988
2025/6/3	30.005
2025/6/4	29.952
2025/6/5	29.922
2025/6/6	29.931
2025/6/9	29.948
2025/6/10	29.955
2025/6/11	29.92
2025/6/12	29.66
2025/6/13	29.668
2025/6/16	29.52
2025/6/17	29.535
2025/6/18	29.542
2025/6/19	29.621
2025/6/20	29.529
2025/6/23	29.734
2025/6/24	29.536
2025/6/25	29.391
2025/6/26	29.165
2025/6/27	29.18
2025/6/30	29.902
2025/7/1	29.185
2025/7/2	29.019
2025/7/3	28.828
2025/7/4	28.931
2025/7/7	29.048
2025/7/8	29.068
2025/7/9	29.15
2025/7/10	29.24
2025/7/11	29.205
2025/7/14	29.296
2025/7/15	29.302
2025/7/16	29.416
2025/7/17	29.412
2025/7/18	29.406
2025/7/21	29.415
2025/7/22	29.452
2025/7/23	29.362
2025/7/24	29.402
2025/7/25	29.46
2025/7/28	29.523
2025/7/29	29.706
2025/7/30	29.719
2025/7/31	29.916
2025/8/1	30.025
2025/8/4	29.918
2025/8/5	29.927
2025/8/6	29.99
2025/8/7	29.82
2025/8/8	29.855
2025/8/11	29.916
2025/8/12	30.026
2025/8/13	29.96
2025/8/14	29.988
2025/8/15	30.01
2025/8/18	30.056
2025/8/19	30.12
2025/8/20	30.308
2025/8/21	30.505
2025/8/22	30.585
2025/8/25	30.45
2025/8/26	30.555
2025/8/27	30.582
2025/8/28	30.588
2025/8/29	30.605
2025/9/1	30.63
2025/9/2	30.678
2025/9/3	30.728
2025/9/4	30.704
2025/9/5	30.615
2025/9/8	30.522
2025/9/9	30.38
2025/9/10	30.31
2025/9/11	30.344
2025/9/12	30.246
2025/9/15	30.228
2025/9/16	30.101
2025/9/17	30.065
2025/9/18	30.107
2025/9/19	30.22
2025/9/22	30.251
2025/9/23	30.294
2025/9/24	30.321
2025/9/25	30.438
2025/9/26	30.545
2025/9/30	30.469
2025/10/1	30.45
2025/10/2	30.415
2025/10/3	30.418
2025/10/7	30.52
2025/10/8	30.535
2025/10/9	30.545
2025/10/13	30.696
2025/10/14	30.761
2025/10/15	30.656
2025/10/16	30.665
2025/10/17	30.686
2025/10/20	30.65
2025/10/21	30.691
2025/10/22	30.731
2025/10/23	30.815
2025/10/27	30.719
2025/10/28	30.626
2025/10/29	30.63
2025/10/30	30.715
2025/10/31	30.749
2025/11/3	30.838
2025/11/4	30.906
2025/11/5	30.954
2025/11/6	30.95
2025/11/7	31.045
2025/11/10	31.008
2025/11/11	31.052
2025/11/12	31.069
2025/11/13	31.081
2025/11/14	31.15
2025/11/17	31.18
2025/11/18	31.217
2025/11/19	31.254
2025/11/20	31.295
2025/11/21	31.43
2025/11/24	31.447
2025/11/25	31.44
2025/11/26	31.35
2025/11/27	31.34
2025/11/28	31.408
2025/12/1	31.431
2025/12/2	31.435
2025/12/3	31.344
2025/12/4	31.338
2025/12/5	31.258
2025/12/8	31.202
2025/12/9	31.215
2025/12/10	31.208
2025/12/11	31.268
2025/12/12	31.202
2025/12/15	31.38
2025/12/16	31.475
2025/12/17	31.526
2025/12/18	31.516
2025/12/19	31.526
2025/12/22	31.523
2025/12/23	31.508
2025/12/24	31.48
2025/12/26	31.455
2025/12/29	31.45
2025/12/30	31.428
2025/12/31	31.438
2026/1/2	31.419
2026/1/5	31.538
2026/1/6	31.516
2026/1/7	31.521
2026/1/8	31.57
2026/1/9	31.595
2026/1/12	31.63
2026/1/13	31.656
2026/1/14	31.63
2026/1/15	31.593
2026/1/16	31.572
2026/1/19	31.59
2026/1/20	31.608
2026/1/21	31.628
2026/1/22	31.61
2026/1/23	31.578
2026/1/26	31.508
2026/1/27	31.47
2026/1/28	31.32
2026/1/29	31.327
2026/1/30	31.468
2026/2/2	31.59
2026/2/3	31.57
2026/2/4	31.577
2026/2/5	31.648
2026/2/6	31.678
2026/2/9	31.56
2026/2/10	31.55
2026/2/11	31.478
2026/2/12	31.46
2026/2/13	31.518
2026/2/23	31.462
2026/2/24	31.461
2026/2/25	31.34
2026/2/26	31.251
2026/3/2	31.431
2026/3/3	31.609
2026/3/4	31.695
2026/3/5	31.683
2026/3/6	31.678
2026/3/9	31.92
2026/3/10	31.828
2026/3/11	31.755
2026/3/12	31.845
2026/3/13	31.918
2026/3/16	31.948
2026/3/17	31.885
2026/3/18	31.832
2026/3/19	31.953
2026/3/20	31.97
2026/3/23	32.092
2026/3/24	32.028
2026/3/25	31.952
2026/3/26	31.905
2026/3/27	31.88
2026/3/30	31.996
2026/3/31	31.98
2026/4/1	31.949
2026/4/2	31.972
2026/4/7	31.967
2026/4/8	31.785
2026/4/9	31.748
2026/4/10	31.726
2026/4/13	31.785
2026/4/14	31.69
2026/4/15	31.65
2026/4/16	31.556
2026/4/17	31.596
2026/4/20	31.531
2026/4/21	31.489
2026/4/22	31.54
2026/4/23	31.575
2026/4/24	31.516
2026/4/27	31.467
2026/4/28	31.518
2026/4/29	31.557
2026/4/30	31.648
2026/5/4	31.61
2026/5/5	31.605
2026/5/6	31.488
2026/5/7	31.409
2026/5/8	31.429
2026/5/11	31.415
2026/5/12	31.48
2026/5/13	31.506
2026/5/14	31.51
2026/5/15	31.551
2026/5/18	31.545
2026/5/19	31.65
2026/5/20	31.643
2026/5/21	31.595
2026/5/22	31.568
2026/5/25	31.47
2026/5/26	31.451
2026/5/27	31.42
2026/5/28	31.428
2026/5/29	31.384
2026/6/1	31.379
2026/6/2	31.445
2026/6/3	31.44
2026/6/4	31.46
2026/6/5	31.475
2026/6/8	31.58
2026/6/9	31.618
2026/6/10	31.668
2026/6/11	31.631
2026/6/12	31.618
2026/6/15	31.564
2026/6/16	31.559
2026/6/17	31.575
2026/6/18	31.588
2026/6/22	31.631
2026/6/23	31.625
2026/6/24	31.751
2026/6/25	31.835
2026/6/26	31.86
2026/6/29	31.845
2026/6/30	31.837
2026/7/1	31.874
2026/7/2	31.91
