Date,Close,granularity
2006-06-30,39.8,monthend
2006-07-31,39.0,monthend
2006-08-31,39.0,monthend
2006-09-29,39.45,monthend
2006-10-31,42.2,monthend
2006-11-30,52.5,monthend
2006-12-29,51.2,monthend
2007-01-31,54.6,monthend
2007-02-27,59.9,monthend
2007-03-30,62.0,monthend
2007-04-30,64.0,monthend
2007-05-31,69.0,monthend
2007-06-29,69.8,monthend
2007-07-31,62.7,monthend
2007-08-31,58.3,monthend
2007-09-28,73.5,monthend
2007-10-31,68.3,monthend
2007-11-30,59.0,monthend
2007-12-31,58.3,monthend
2008-01-31,50.1,monthend
2008-02-29,51.8,monthend
2008-03-31,51.0,monthend
2008-04-30,52.7,monthend
2008-05-30,51.0,monthend
2008-06-30,44.75,monthend
2008-07-31,39.85,monthend
2008-08-29,43.75,monthend
2008-09-30,36.5,monthend
2008-10-31,33.9,monthend
2008-11-28,27.5,monthend
2008-12-31,28.0,monthend
2009-01-21,26.0,monthend
2009-02-27,30.15,monthend
2009-03-31,35.7,monthend
2009-04-30,41.5,monthend
2009-05-27,42.25,monthend
2009-06-30,38.05,monthend
2009-07-31,44.1,monthend
2009-08-31,41.2,monthend
2009-09-30,45.4,monthend
2009-10-30,44.2,monthend
2009-11-30,42.4,monthend
2009-12-31,43.35,monthend
2010-01-04,43.35,daily
2010-01-05,43.5,daily
2010-01-06,44.0,daily
2010-01-07,46.65,daily
2010-01-08,46.45,daily
2010-01-11,46.0,daily
2010-01-12,45.1,daily
2010-01-13,45.0,daily
2010-01-14,45.7,daily
2010-01-15,45.4,daily
2010-01-18,44.45,daily
2010-01-19,44.85,daily
2010-01-20,44.85,daily
2010-01-21,44.1,daily
2010-01-22,42.4,daily
2010-01-25,42.15,daily
2010-01-26,41.65,daily
2010-01-27,42.1,daily
2010-01-28,43.4,daily
2010-01-29,42.4,daily
2010-02-01,40.5,daily
2010-02-02,40.0,daily
2010-02-03,41.7,daily
2010-02-04,40.3,daily
2010-02-05,37.6,daily
2010-02-06,38.2,daily
2010-02-08,39.1,daily
2010-02-09,39.3,daily
2010-02-10,40.6,daily
2010-02-22,39.8,daily
2010-02-23,39.2,daily
2010-02-24,38.8,daily
2010-02-25,38.1,daily
2010-02-26,37.25,daily
2010-03-01,38.0,daily
2010-03-02,37.95,daily
2010-03-03,37.55,daily
2010-03-04,38.1,daily
2010-03-05,38.15,daily
2010-03-08,39.15,daily
2010-03-09,38.95,daily
2010-03-10,38.6,daily
2010-03-11,38.5,daily
2010-03-12,38.1,daily
2010-03-15,37.5,daily
2010-03-16,37.5,daily
2010-03-17,38.6,daily
2010-03-18,39.5,daily
2010-03-19,39.2,daily
2010-03-22,38.6,daily
2010-03-23,38.35,daily
2010-03-24,38.65,daily
2010-03-25,38.3,daily
2010-03-26,38.3,daily
2010-03-29,38.3,daily
2010-03-30,38.3,daily
2010-03-31,38.3,daily
2010-04-01,39.15,daily
2010-04-02,39.2,daily
2010-04-06,39.9,daily
2010-04-07,39.85,daily
2010-04-08,39.15,daily
2010-04-09,39.7,daily
2010-04-12,40.25,daily
2010-04-13,39.6,daily
2010-04-14,40.8,daily
2010-04-15,41.8,daily
2010-04-16,41.4,daily
2010-04-19,40.15,daily
2010-04-20,40.3,daily
2010-04-21,41.3,daily
2010-04-22,41.2,daily
2010-04-23,41.2,daily
2010-04-26,41.95,daily
2010-04-27,40.85,daily
2010-04-28,40.0,daily
2010-04-29,39.25,daily
2010-04-30,38.8,daily
2010-05-03,38.25,daily
2010-05-04,37.8,daily
2010-05-05,36.0,daily
2010-05-06,36.45,daily
2010-05-07,37.2,daily
2010-05-10,37.4,daily
2010-05-11,37.4,daily
2010-05-12,36.85,daily
2010-05-13,38.0,daily
2010-05-14,38.1,daily
2010-05-17,36.85,daily
2010-05-18,36.3,daily
2010-05-19,36.8,daily
2010-05-20,35.75,daily
2010-05-21,35.45,daily
2010-05-24,35.2,daily
2010-05-25,33.8,daily
2010-05-26,34.55,daily
2010-05-27,34.3,daily
2010-05-28,34.35,daily
2010-05-31,35.6,daily
2010-06-01,34.85,daily
2010-06-02,34.2,daily
2010-06-03,35.45,daily
2010-06-04,35.15,daily
2010-06-07,34.9,daily
2010-06-08,34.9,daily
2010-06-09,34.0,daily
2010-06-10,34.5,daily
2010-06-11,35.45,daily
2010-06-14,36.0,daily
2010-06-15,36.05,daily
2010-06-17,37.2,daily
2010-06-18,37.35,daily
2010-06-21,37.8,daily
2010-06-22,37.65,daily
2010-06-23,37.15,daily
2010-06-24,37.15,daily
2010-06-25,35.9,daily
2010-06-28,35.9,daily
2010-06-29,36.0,daily
2010-06-30,35.05,daily
2010-07-01,35.0,daily
2010-07-02,35.85,daily
2010-07-05,35.9,daily
2010-07-06,36.2,daily
2010-07-07,35.9,daily
2010-07-08,37.35,daily
2010-07-09,37.8,daily
2010-07-12,34.8,daily
2010-07-13,33.9,daily
2010-07-14,34.35,daily
2010-07-15,33.7,daily
2010-07-16,33.8,daily
2010-07-19,33.5,daily
2010-07-20,33.6,daily
2010-07-21,33.65,daily
2010-07-22,33.3,daily
2010-07-23,33.5,daily
2010-07-26,33.35,daily
2010-07-27,33.9,daily
2010-07-28,33.5,daily
2010-07-29,32.2,daily
2010-07-30,31.2,daily
2010-08-02,32.3,daily
2010-08-03,32.8,daily
2010-08-04,32.9,daily
2010-08-05,32.6,daily
2010-08-06,32.85,daily
2010-08-09,32.55,daily
2010-08-10,32.2,daily
2010-08-11,32.05,daily
2010-08-12,31.5,daily
2010-08-13,31.35,daily
2010-08-16,31.25,daily
2010-08-17,31.15,daily
2010-08-18,31.5,daily
2010-08-19,31.65,daily
2010-08-20,31.35,daily
2010-08-23,31.65,daily
2010-08-24,31.5,daily
2010-08-25,30.55,daily
2010-08-26,30.35,daily
2010-08-27,30.1,daily
2010-08-30,30.0,daily
2010-08-31,28.85,daily
2010-09-01,29.15,daily
2010-09-02,29.2,daily
2010-09-03,30.3,daily
2010-09-06,30.7,daily
2010-09-07,30.75,daily
2010-09-08,30.05,daily
2010-09-09,30.25,daily
2010-09-10,30.45,daily
2010-09-13,30.85,daily
2010-09-14,31.0,daily
2010-09-15,31.75,daily
2010-09-16,31.35,daily
2010-09-17,31.65,daily
2010-09-20,31.3,daily
2010-09-21,31.35,daily
2010-09-23,30.9,daily
2010-09-24,30.4,daily
2010-09-27,30.65,daily
2010-09-28,30.2,daily
2010-09-29,32.0,daily
2010-09-30,32.8,daily
2010-10-01,33.0,daily
2010-10-04,32.1,daily
2010-10-05,32.5,daily
2010-10-06,32.6,daily
2010-10-07,32.5,daily
2010-10-08,32.5,daily
2010-10-11,32.5,daily
2010-10-12,32.2,daily
2010-10-13,32.3,daily
2010-10-14,32.7,daily
2010-10-15,32.7,daily
2010-10-18,32.65,daily
2010-10-19,32.65,daily
2010-10-20,32.4,daily
2010-10-21,32.15,daily
2010-10-22,31.85,daily
2010-10-25,32.35,daily
2010-10-26,33.5,daily
2010-10-27,32.4,daily
2010-10-28,33.15,daily
2010-10-29,33.5,daily
2010-11-01,34.0,daily
2010-11-02,33.3,daily
2010-11-03,33.3,daily
2010-11-04,33.0,daily
2010-11-05,32.75,daily
2010-11-08,32.35,daily
2010-11-09,32.8,daily
2010-11-10,32.55,daily
2010-11-11,32.0,daily
2010-11-12,31.4,daily
2010-11-15,31.45,daily
2010-11-16,31.9,daily
2010-11-17,31.5,daily
2010-11-18,31.2,daily
2010-11-19,31.3,daily
2010-11-22,31.95,daily
2010-11-23,31.45,daily
2010-11-24,31.35,daily
2010-11-25,31.7,daily
2010-11-26,31.7,daily
2010-11-29,31.45,daily
2010-11-30,31.75,daily
2010-12-01,32.2,daily
2010-12-02,32.9,daily
2010-12-03,33.35,daily
2010-12-06,33.25,daily
2010-12-07,33.35,daily
2010-12-08,34.7,daily
2010-12-09,36.15,daily
2010-12-10,36.35,daily
2010-12-13,35.5,daily
2010-12-14,34.9,daily
2010-12-15,35.35,daily
2010-12-16,35.7,daily
2010-12-17,35.9,daily
2010-12-20,34.85,daily
2010-12-21,34.85,daily
2010-12-22,34.8,daily
2010-12-23,34.65,daily
2010-12-24,34.25,daily
2010-12-27,34.6,daily
2010-12-28,34.6,daily
2010-12-29,34.1,daily
2010-12-30,34.2,daily
2010-12-31,35.0,daily
2011-01-03,34.75,daily
2011-01-04,35.0,daily
2011-01-05,33.95,daily
2011-01-06,33.85,daily
2011-01-07,33.0,daily
2011-01-10,32.9,daily
2011-01-11,34.8,daily
2011-01-12,34.95,daily
2011-01-13,36.05,daily
2011-01-14,36.1,daily
2011-01-17,36.2,daily
2011-01-18,37.65,daily
2011-01-19,39.25,daily
2011-01-20,39.2,daily
2011-01-21,38.35,daily
2011-01-24,38.5,daily
2011-01-25,38.05,daily
2011-01-26,38.15,daily
2011-01-27,40.6,daily
2011-01-28,41.15,daily
2011-02-08,41.0,daily
2011-02-09,40.45,daily
2011-02-10,39.25,daily
2011-02-11,37.05,daily
2011-02-14,38.55,daily
2011-02-15,40.45,daily
2011-02-16,40.8,daily
2011-02-17,41.0,daily
2011-02-18,40.4,daily
2011-02-21,40.25,daily
2011-02-22,39.35,daily
2011-02-23,38.45,daily
2011-02-24,39.35,daily
2011-02-25,40.9,daily
2011-03-01,40.4,daily
2011-03-02,40.4,daily
2011-03-03,41.25,daily
2011-03-04,40.2,daily
2011-03-07,39.85,daily
2011-03-08,39.0,daily
2011-03-09,37.95,daily
2011-03-10,36.35,daily
2011-03-11,36.3,daily
2011-03-14,36.4,daily
2011-03-15,34.95,daily
2011-03-16,35.75,daily
2011-03-17,35.4,daily
2011-03-18,36.15,daily
2011-03-21,36.2,daily
2011-03-22,36.05,daily
2011-03-23,35.7,daily
2011-03-24,36.05,daily
2011-03-25,36.1,daily
2011-03-28,35.8,daily
2011-03-29,35.7,daily
2011-03-30,35.95,daily
2011-03-31,36.8,daily
2011-04-01,36.4,daily
2011-04-06,37.5,daily
2011-04-07,36.3,daily
2011-04-08,36.25,daily
2011-04-11,36.25,daily
2011-04-12,35.2,daily
2011-04-13,35.7,daily
2011-04-14,35.8,daily
2011-04-15,34.8,daily
2011-04-18,34.25,daily
2011-04-19,33.4,daily
2011-04-20,35.0,daily
2011-04-21,35.1,daily
2011-04-22,35.65,daily
2011-04-25,34.55,daily
2011-04-26,35.15,daily
2011-04-27,35.4,daily
2011-04-28,37.85,daily
2011-04-29,38.2,daily
2011-05-03,38.55,daily
2011-05-04,38.4,daily
2011-05-05,38.9,daily
2011-05-06,38.05,daily
2011-05-09,38.35,daily
2011-05-10,38.0,daily
2011-05-11,38.85,daily
2011-05-12,39.05,daily
2011-05-13,38.9,daily
2011-05-16,38.7,daily
2011-05-17,38.8,daily
2011-05-18,38.9,daily
2011-05-19,38.7,daily
2011-05-20,38.15,daily
2011-05-23,37.3,daily
2011-05-24,37.0,daily
2011-05-25,35.75,daily
2011-05-26,36.0,daily
2011-05-27,36.3,daily
2011-05-30,38.0,daily
2011-05-31,38.55,daily
2011-06-01,38.75,daily
2011-06-02,38.0,daily
2011-06-03,38.3,daily
2011-06-07,37.8,daily
2011-06-08,38.3,daily
2011-06-09,37.85,daily
2011-06-10,36.95,daily
2011-06-13,36.25,daily
2011-06-14,35.75,daily
2011-06-15,35.95,daily
2011-06-16,35.0,daily
2011-06-17,35.2,daily
2011-06-20,35.15,daily
2011-06-21,35.4,daily
2011-06-22,35.65,daily
2011-06-23,36.05,daily
2011-06-24,35.7,daily
2011-06-27,35.7,daily
2011-06-28,34.7,daily
2011-06-29,34.55,daily
2011-06-30,36.95,daily
2011-07-01,35.2,daily
2011-07-04,35.15,daily
2011-07-05,34.3,daily
2011-07-06,34.5,daily
2011-07-07,34.95,daily
2011-07-08,33.45,daily
2011-07-11,32.45,daily
2011-07-12,31.85,daily
2011-07-13,31.1,daily
2011-07-14,31.4,daily
2011-07-15,31.85,daily
2011-07-18,29.9,daily
2011-07-19,28.4,daily
2011-07-20,28.9,daily
2011-07-21,29.0,daily
2011-07-22,30.1,daily
2011-07-25,29.9,daily
2011-07-26,30.1,daily
2011-07-27,30.25,daily
2011-07-28,29.7,daily
2011-07-29,28.9,daily
2011-08-01,29.35,daily
2011-08-02,28.6,daily
2011-08-03,27.75,daily
2011-08-04,27.7,daily
2011-08-05,25.8,daily
2011-08-08,24.4,daily
2011-08-09,25.0,daily
2011-08-10,26.0,daily
2011-08-11,26.75,daily
2011-08-12,25.9,daily
2011-08-15,26.3,daily
2011-08-16,25.85,daily
2011-08-17,25.0,daily
2011-08-18,24.8,daily
2011-08-19,23.55,daily
2011-08-22,23.45,daily
2011-08-23,24.5,daily
2011-08-24,24.35,daily
2011-08-25,24.55,daily
2011-08-26,24.9,daily
2011-08-29,25.5,daily
2011-08-30,26.3,daily
2011-08-31,26.45,daily
2011-09-01,26.7,daily
2011-09-02,26.8,daily
2011-09-05,26.4,daily
2011-09-06,26.0,daily
2011-09-07,27.4,daily
2011-09-08,27.3,daily
2011-09-09,27.05,daily
2011-09-13,26.7,daily
2011-09-14,26.15,daily
2011-09-15,27.35,daily
2011-09-16,29.25,daily
2011-09-19,28.6,daily
2011-09-20,28.6,daily
2011-09-21,28.8,daily
2011-09-22,28.3,daily
2011-09-23,26.95,daily
2011-09-26,27.0,daily
2011-09-27,28.8,daily
2011-09-28,28.7,daily
2011-09-29,29.5,daily
2011-09-30,30.5,daily
2011-10-03,29.75,daily
2011-10-04,29.95,daily
2011-10-05,29.4,daily
2011-10-06,29.55,daily
2011-10-07,29.5,daily
2011-10-11,29.0,daily
2011-10-12,29.25,daily
2011-10-13,30.55,daily
2011-10-14,30.55,daily
2011-10-17,31.7,daily
2011-10-18,30.95,daily
2011-10-19,30.85,daily
2011-10-20,30.1,daily
2011-10-21,30.7,daily
2011-10-24,31.9,daily
2011-10-25,31.65,daily
2011-10-26,32.2,daily
2011-10-27,30.55,daily
2011-10-28,30.45,daily
2011-10-31,30.9,daily
2011-11-01,31.25,daily
2011-11-02,31.0,daily
2011-11-03,29.9,daily
2011-11-04,31.0,daily
2011-11-07,30.05,daily
2011-11-08,30.15,daily
2011-11-09,29.5,daily
2011-11-10,28.55,daily
2011-11-11,28.4,daily
2011-11-14,29.3,daily
2011-11-15,28.8,daily
2011-11-16,28.35,daily
2011-11-17,28.6,daily
2011-11-18,27.7,daily
2011-11-21,27.2,daily
2011-11-22,27.0,daily
2011-11-23,26.1,daily
2011-11-24,26.1,daily
2011-11-25,26.15,daily
2011-11-28,26.6,daily
2011-11-29,27.1,daily
2011-11-30,27.8,daily
2011-12-01,28.95,daily
2011-12-02,28.15,daily
2011-12-05,28.15,daily
2011-12-06,27.0,daily
2011-12-07,27.0,daily
2011-12-08,26.35,daily
2011-12-09,26.0,daily
2011-12-12,26.4,daily
2011-12-13,26.3,daily
2011-12-14,26.4,daily
2011-12-15,25.75,daily
2011-12-16,25.4,daily
2011-12-19,24.9,daily
2011-12-20,24.6,daily
2011-12-21,26.3,daily
2011-12-22,26.2,daily
2011-12-23,26.85,daily
2011-12-26,27.05,daily
2011-12-27,27.3,daily
2011-12-28,27.15,daily
2011-12-29,27.15,daily
2011-12-30,27.1,daily
2012-01-02,26.8,daily
2012-01-03,27.2,daily
2012-01-04,28.1,daily
2012-01-05,28.75,daily
2012-01-06,29.1,daily
2012-01-09,29.35,daily
2012-01-10,29.75,daily
2012-01-11,29.75,daily
2012-01-12,29.9,daily
2012-01-13,30.0,daily
2012-01-16,28.65,daily
2012-01-17,30.65,daily
2012-01-18,30.65,daily
2012-01-30,32.75,daily
2012-01-31,34.0,daily
2012-02-01,33.85,daily
2012-02-02,32.95,daily
2012-02-03,32.3,daily
2012-02-04,32.35,daily
2012-02-06,31.7,daily
2012-02-07,31.85,daily
2012-02-08,32.5,daily
2012-02-09,33.1,daily
2012-02-10,33.0,daily
2012-02-13,33.3,daily
2012-02-14,34.2,daily
2012-02-15,35.0,daily
2012-02-16,34.0,daily
2012-02-17,34.6,daily
2012-02-20,34.6,daily
2012-02-21,33.45,daily
2012-02-22,34.05,daily
2012-02-23,33.8,daily
2012-02-24,34.0,daily
2012-02-29,34.65,daily
2012-03-01,34.55,daily
2012-03-02,34.2,daily
2012-03-03,33.35,daily
2012-03-05,33.35,daily
2012-03-06,32.55,daily
2012-03-07,32.75,daily
2012-03-08,33.65,daily
2012-03-09,34.15,daily
2012-03-12,34.5,daily
2012-03-13,34.5,daily
2012-03-14,35.1,daily
2012-03-15,35.5,daily
2012-03-16,34.8,daily
2012-03-19,35.15,daily
2012-03-20,34.8,daily
2012-03-21,33.85,daily
2012-03-22,34.8,daily
2012-03-23,34.5,daily
2012-03-26,34.15,daily
2012-03-27,35.1,daily
2012-03-28,35.35,daily
2012-03-29,35.65,daily
2012-03-30,35.8,daily
2012-04-02,35.0,daily
2012-04-03,36.5,daily
2012-04-05,34.85,daily
2012-04-06,35.3,daily
2012-04-09,34.65,daily
2012-04-10,34.8,daily
2012-04-11,34.65,daily
2012-04-12,34.55,daily
2012-04-13,35.45,daily
2012-04-16,34.8,daily
2012-04-17,34.4,daily
2012-04-18,34.9,daily
2012-04-19,34.5,daily
2012-04-20,33.8,daily
2012-04-23,33.45,daily
2012-04-24,33.2,daily
2012-04-25,34.7,daily
2012-04-26,33.7,daily
2012-04-27,34.2,daily
2012-04-30,34.65,daily
2012-05-02,35.75,daily
2012-05-03,34.85,daily
2012-05-04,34.5,daily
2012-05-07,33.85,daily
2012-05-08,34.3,daily
2012-05-09,33.3,daily
2012-05-10,33.5,daily
2012-05-11,33.7,daily
2012-05-14,33.7,daily
2012-05-15,33.25,daily
2012-05-16,31.8,daily
2012-05-17,31.9,daily
2012-05-18,31.15,daily
2012-05-21,31.15,daily
2012-05-22,31.4,daily
2012-05-23,30.8,daily
2012-05-24,30.1,daily
2012-05-25,29.1,daily
2012-05-28,30.05,daily
2012-05-29,31.8,daily
2012-05-30,32.15,daily
2012-05-31,32.5,daily
2012-06-01,30.7,daily
2012-06-04,29.6,daily
2012-06-05,29.85,daily
2012-06-06,30.1,daily
2012-06-07,29.95,daily
2012-06-08,29.1,daily
2012-06-11,30.0,daily
2012-06-12,29.35,daily
2012-06-13,29.45,daily
2012-06-14,29.45,daily
2012-06-15,29.45,daily
2012-06-18,30.9,daily
2012-06-19,30.35,daily
2012-06-20,31.5,daily
2012-06-21,31.25,daily
2012-06-22,30.3,daily
2012-06-25,30.5,daily
2012-06-26,30.6,daily
2012-06-27,30.5,daily
2012-06-28,30.5,daily
2012-06-29,31.2,daily
2012-07-02,32.45,daily
2012-07-03,32.85,daily
2012-07-04,33.2,daily
2012-07-05,33.25,daily
2012-07-06,33.1,daily
2012-07-09,31.7,daily
2012-07-10,30.55,daily
2012-07-11,30.0,daily
2012-07-12,29.55,daily
2012-07-13,29.75,daily
2012-07-16,28.4,daily
2012-07-17,29.1,daily
2012-07-18,28.45,daily
2012-07-19,29.5,daily
2012-07-20,29.3,daily
2012-07-23,28.25,daily
2012-07-24,28.1,daily
2012-07-25,28.5,daily
2012-07-26,28.65,daily
2012-07-27,29.9,daily
2012-07-30,31.95,daily
2012-07-31,33.4,daily
2012-08-01,32.6,daily
2012-08-03,32.5,daily
2012-08-06,32.95,daily
2012-08-07,33.0,daily
2012-08-08,33.4,daily
2012-08-09,33.45,daily
2012-08-10,33.6,daily
2012-08-13,33.3,daily
2012-08-14,33.3,daily
2012-08-15,33.0,daily
2012-08-16,33.3,daily
2012-08-17,32.8,daily
2012-08-20,33.45,daily
2012-08-21,34.15,daily
2012-08-22,34.1,daily
2012-08-23,34.0,daily
2012-08-24,33.7,daily
2012-08-27,33.45,daily
2012-08-28,33.95,daily
2012-08-29,33.7,daily
2012-08-30,33.55,daily
2012-08-31,33.8,daily
2012-09-03,33.85,daily
2012-09-04,33.55,daily
2012-09-05,33.85,daily
2012-09-06,33.6,daily
2012-09-07,34.0,daily
2012-09-10,34.2,daily
2012-09-11,33.8,daily
2012-09-12,33.75,daily
2012-09-13,33.35,daily
2012-09-14,33.7,daily
2012-09-17,33.45,daily
2012-09-18,33.55,daily
2012-09-19,34.2,daily
2012-09-20,33.55,daily
2012-09-21,33.2,daily
2012-09-24,33.1,daily
2012-09-25,32.8,daily
2012-09-26,32.5,daily
2012-09-27,32.15,daily
2012-09-28,32.65,daily
2012-10-01,32.7,daily
2012-10-02,33.2,daily
2012-10-03,33.2,daily
2012-10-04,33.5,daily
2012-10-05,33.55,daily
2012-10-08,33.0,daily
2012-10-09,31.45,daily
2012-10-11,32.1,daily
2012-10-12,31.6,daily
2012-10-15,31.6,daily
2012-10-16,32.4,daily
2012-10-17,32.2,daily
2012-10-18,31.4,daily
2012-10-19,30.75,daily
2012-10-22,30.9,daily
2012-10-23,30.8,daily
2012-10-24,30.6,daily
2012-10-25,30.2,daily
2012-10-26,30.1,daily
2012-10-29,30.1,daily
2012-10-30,30.5,daily
2012-10-31,28.5,daily
2012-11-01,27.35,daily
2012-11-02,28.6,daily
2012-11-05,28.8,daily
2012-11-06,29.0,daily
2012-11-07,29.3,daily
2012-11-08,28.9,daily
2012-11-09,28.9,daily
2012-11-12,28.6,daily
2012-11-13,27.5,daily
2012-11-14,28.25,daily
2012-11-15,28.2,daily
2012-11-16,28.45,daily
2012-11-19,28.5,daily
2012-11-20,28.7,daily
2012-11-21,28.0,daily
2012-11-22,28.25,daily
2012-11-23,30.1,daily
2012-11-26,30.55,daily
2012-11-27,30.1,daily
2012-11-28,29.5,daily
2012-11-29,31.0,daily
2012-11-30,31.45,daily
2012-12-03,31.35,daily
2012-12-04,31.55,daily
2012-12-05,31.6,daily
2012-12-06,31.1,daily
2012-12-07,30.75,daily
2012-12-10,32.0,daily
2012-12-11,31.6,daily
2012-12-12,31.5,daily
2012-12-13,31.5,daily
2012-12-14,31.2,daily
2012-12-17,30.7,daily
2012-12-18,30.4,daily
2012-12-19,31.05,daily
2012-12-20,30.55,daily
2012-12-21,30.5,daily
2012-12-22,30.75,daily
2012-12-24,30.7,daily
2012-12-25,31.1,daily
2012-12-26,30.95,daily
2012-12-27,30.9,daily
2012-12-28,31.0,daily
2013-01-02,31.1,daily
2013-01-03,31.45,daily
2013-01-04,31.45,daily
2013-01-07,31.4,daily
2013-01-08,31.15,daily
2013-01-09,30.25,daily
2013-01-10,31.0,daily
2013-01-11,30.5,daily
2013-01-14,30.7,daily
2013-01-15,30.5,daily
2013-01-16,30.65,daily
2013-01-17,30.35,daily
2013-01-18,30.65,daily
2013-01-21,30.5,daily
2013-01-22,30.8,daily
2013-01-23,30.5,daily
2013-01-24,30.8,daily
2013-01-25,30.4,daily
2013-01-28,30.7,daily
2013-01-29,31.25,daily
2013-01-30,31.25,daily
2013-01-31,31.05,daily
2013-02-01,31.7,daily
2013-02-04,31.8,daily
2013-02-05,31.15,daily
2013-02-06,30.2,daily
2013-02-18,30.35,daily
2013-02-19,30.35,daily
2013-02-20,30.8,daily
2013-02-21,31.0,daily
2013-02-22,31.0,daily
2013-02-23,31.3,daily
2013-02-25,31.45,daily
2013-02-26,31.4,daily
2013-02-27,31.85,daily
2013-03-01,32.4,daily
2013-03-04,32.8,daily
2013-03-05,32.6,daily
2013-03-06,33.8,daily
2013-03-07,33.1,daily
2013-03-08,34.2,daily
2013-03-11,34.0,daily
2013-03-12,33.7,daily
2013-03-13,34.05,daily
2013-03-14,34.0,daily
2013-03-15,34.0,daily
2013-03-18,33.8,daily
2013-03-19,33.6,daily
2013-03-20,32.45,daily
2013-03-21,32.55,daily
2013-03-22,32.95,daily
2013-03-25,33.25,daily
2013-03-26,33.2,daily
2013-03-27,33.95,daily
2013-03-28,34.0,daily
2013-03-29,34.0,daily
2013-04-01,34.0,daily
2013-04-02,33.95,daily
2013-04-03,34.0,daily
2013-04-08,33.35,daily
2013-04-09,32.55,daily
2013-04-10,32.2,daily
2013-04-11,32.4,daily
2013-04-12,32.35,daily
2013-04-15,32.75,daily
2013-04-16,32.25,daily
2013-04-17,31.75,daily
2013-04-18,31.45,daily
2013-04-19,33.0,daily
2013-04-22,33.9,daily
2013-04-23,33.8,daily
2013-04-24,34.45,daily
2013-04-25,34.2,daily
2013-04-26,35.25,daily
2013-04-29,35.45,daily
2013-04-30,35.0,daily
2013-05-02,34.5,daily
2013-05-03,34.95,daily
2013-05-06,35.25,daily
2013-05-07,34.75,daily
2013-05-08,34.8,daily
2013-05-09,35.5,daily
2013-05-10,35.0,daily
2013-05-13,35.3,daily
2013-05-14,35.55,daily
2013-05-15,35.5,daily
2013-05-16,35.8,daily
2013-05-17,35.5,daily
2013-05-20,35.55,daily
2013-05-21,36.05,daily
2013-05-22,36.8,daily
2013-05-23,36.0,daily
2013-05-24,35.2,daily
2013-05-27,35.4,daily
2013-05-28,35.35,daily
2013-05-29,35.3,daily
2013-05-30,35.4,daily
2013-05-31,35.05,daily
2013-06-03,35.0,daily
2013-06-04,34.8,daily
2013-06-05,34.9,daily
2013-06-06,34.25,daily
2013-06-07,35.1,daily
2013-06-10,35.45,daily
2013-06-11,35.5,daily
2013-06-13,35.1,daily
2013-06-14,34.95,daily
2013-06-17,35.75,daily
2013-06-18,37.0,daily
2013-06-19,37.1,daily
2013-06-20,36.6,daily
2013-06-21,36.2,daily
2013-06-24,36.55,daily
2013-06-25,36.0,daily
2013-06-26,37.0,daily
2013-06-27,37.5,daily
2013-06-28,37.7,daily
2013-07-01,39.0,daily
2013-07-02,38.35,daily
2013-07-03,37.8,daily
2013-07-04,37.3,daily
2013-07-05,37.8,daily
2013-07-08,36.95,daily
2013-07-09,38.0,daily
2013-07-10,37.2,daily
2013-07-11,38.15,daily
2013-07-12,37.6,daily
2013-07-15,34.45,daily
2013-07-16,34.75,daily
2013-07-17,33.45,daily
2013-07-18,33.0,daily
2013-07-19,32.2,daily
2013-07-22,32.5,daily
2013-07-23,33.2,daily
2013-07-24,33.2,daily
2013-07-25,33.0,daily
2013-07-26,33.15,daily
2013-07-29,33.45,daily
2013-07-30,34.5,daily
2013-07-31,34.85,daily
2013-08-01,34.0,daily
2013-08-02,34.2,daily
2013-08-05,33.8,daily
2013-08-06,33.5,daily
2013-08-07,33.1,daily
2013-08-08,33.4,daily
2013-08-09,33.5,daily
2013-08-12,33.0,daily
2013-08-13,33.3,daily
2013-08-14,32.85,daily
2013-08-15,33.0,daily
2013-08-16,33.2,daily
2013-08-19,33.0,daily
2013-08-20,32.8,daily
2013-08-22,32.0,daily
2013-08-23,32.5,daily
2013-08-26,32.8,daily
2013-08-27,32.7,daily
2013-08-28,33.0,daily
2013-08-29,33.15,daily
2013-08-30,33.6,daily
2013-09-02,33.7,daily
2013-09-03,33.8,daily
2013-09-04,34.05,daily
2013-09-05,34.3,daily
2013-09-06,34.45,daily
2013-09-09,34.7,daily
2013-09-10,35.1,daily
2013-09-11,35.25,daily
2013-09-12,35.2,daily
2013-09-13,34.9,daily
2013-09-14,34.6,daily
2013-09-16,35.3,daily
2013-09-17,35.3,daily
2013-09-18,34.7,daily
2013-09-23,35.75,daily
2013-09-24,35.6,daily
2013-09-25,35.6,daily
2013-09-26,35.0,daily
2013-09-27,35.1,daily
2013-09-30,34.55,daily
2013-10-01,34.65,daily
2013-10-02,35.45,daily
2013-10-03,36.1,daily
2013-10-04,35.9,daily
2013-10-07,36.2,daily
2013-10-08,36.0,daily
2013-10-09,35.4,daily
2013-10-11,35.2,daily
2013-10-14,35.25,daily
2013-10-15,35.9,daily
2013-10-16,35.55,daily
2013-10-17,35.75,daily
2013-10-18,35.85,daily
2013-10-21,35.9,daily
2013-10-22,36.6,daily
2013-10-23,36.0,daily
2013-10-24,35.95,daily
2013-10-25,36.0,daily
2013-10-28,35.7,daily
2013-10-29,36.0,daily
2013-10-30,36.65,daily
2013-10-31,35.7,daily
2013-11-01,35.1,daily
2013-11-04,34.9,daily
2013-11-05,34.1,daily
2013-11-06,34.85,daily
2013-11-07,34.5,daily
2013-11-08,34.55,daily
2013-11-11,34.3,daily
2013-11-12,34.75,daily
2013-11-13,34.1,daily
2013-11-14,33.8,daily
2013-11-15,33.75,daily
2013-11-18,34.25,daily
2013-11-19,34.65,daily
2013-11-20,34.45,daily
2013-11-21,33.8,daily
2013-11-22,34.0,daily
2013-11-25,34.15,daily
2013-11-26,34.0,daily
2013-11-27,34.9,daily
2013-11-28,35.0,daily
2013-11-29,35.0,daily
2013-12-02,35.6,daily
2013-12-03,35.1,daily
2013-12-04,35.25,daily
2013-12-05,35.05,daily
2013-12-06,34.65,daily
2013-12-09,34.4,daily
2013-12-10,34.95,daily
2013-12-11,35.8,daily
2013-12-12,35.0,daily
2013-12-13,34.9,daily
2013-12-16,36.4,daily
2013-12-17,35.35,daily
2013-12-18,35.1,daily
2013-12-19,35.55,daily
2013-12-20,35.6,daily
2013-12-23,35.05,daily
2013-12-24,35.2,daily
2013-12-25,35.6,daily
2013-12-26,35.2,daily
2013-12-27,35.3,daily
2013-12-30,35.85,daily
2013-12-31,35.6,daily
2014-01-02,35.65,daily
2014-01-03,36.2,daily
2014-01-06,35.5,daily
2014-01-07,35.85,daily
2014-01-08,36.3,daily
2014-01-09,36.35,daily
2014-01-10,36.95,daily
2014-01-13,37.5,daily
2014-01-14,37.15,daily
2014-01-15,37.55,daily
2014-01-16,38.0,daily
2014-01-17,37.5,daily
2014-01-20,38.0,daily
2014-01-21,37.85,daily
2014-01-22,37.8,daily
2014-01-23,37.5,daily
2014-01-24,37.5,daily
2014-01-27,37.05,daily
2014-02-05,35.4,daily
2014-02-06,36.8,daily
2014-02-07,36.3,daily
2014-02-10,36.95,daily
2014-02-11,37.35,daily
2014-02-12,37.55,daily
2014-02-13,37.7,daily
2014-02-14,37.85,daily
2014-02-17,37.85,daily
2014-02-18,38.2,daily
2014-02-19,38.8,daily
2014-02-20,38.2,daily
2014-02-21,38.1,daily
2014-02-24,37.9,daily
2014-02-25,38.15,daily
2014-02-26,38.1,daily
2014-02-27,38.2,daily
2014-03-03,37.65,daily
2014-03-04,37.45,daily
2014-03-05,38.0,daily
2014-03-06,38.8,daily
2014-03-07,38.0,daily
2014-03-10,38.2,daily
2014-03-11,39.25,daily
2014-03-12,39.9,daily
2014-03-13,41.85,daily
2014-03-14,40.85,daily
2014-03-17,40.8,daily
2014-03-18,40.15,daily
2014-03-19,39.55,daily
2014-03-20,39.3,daily
2014-03-21,40.75,daily
2014-03-24,40.6,daily
2014-03-25,40.7,daily
2014-03-26,40.65,daily
2014-03-27,40.0,daily
2014-03-28,40.4,daily
2014-03-31,40.5,daily
2014-04-01,41.2,daily
2014-04-02,43.25,daily
2014-04-03,42.4,daily
2014-04-07,41.45,daily
2014-04-08,42.4,daily
2014-04-09,42.15,daily
2014-04-10,43.0,daily
2014-04-11,41.75,daily
2014-04-14,41.55,daily
2014-04-15,42.3,daily
2014-04-16,42.0,daily
2014-04-17,42.3,daily
2014-04-18,42.8,daily
2014-04-21,42.8,daily
2014-04-22,42.5,daily
2014-04-23,42.5,daily
2014-04-24,41.95,daily
2014-04-25,42.05,daily
2014-04-28,42.9,daily
2014-04-29,43.65,daily
2014-04-30,44.25,daily
2014-05-02,45.0,daily
2014-05-05,43.8,daily
2014-05-06,44.5,daily
2014-05-07,44.0,daily
2014-05-08,44.55,daily
2014-05-09,44.75,daily
2014-05-12,43.4,daily
2014-05-13,43.3,daily
2014-05-14,43.85,daily
2014-05-15,44.25,daily
2014-05-16,43.45,daily
2014-05-19,44.0,daily
2014-05-20,45.1,daily
2014-05-21,44.3,daily
2014-05-22,46.0,daily
2014-05-23,46.0,daily
2014-05-26,45.65,daily
2014-05-27,46.8,daily
2014-05-28,47.2,daily
2014-05-29,47.95,daily
2014-05-30,48.0,daily
2014-06-03,48.25,daily
2014-06-04,48.8,daily
2014-06-05,50.3,daily
2014-06-06,50.8,daily
2014-06-09,49.55,daily
2014-06-10,50.0,daily
2014-06-11,49.95,daily
2014-06-12,49.4,daily
2014-06-13,48.95,daily
2014-06-16,49.1,daily
2014-06-17,48.2,daily
2014-06-18,48.2,daily
2014-06-19,49.95,daily
2014-06-20,49.35,daily
2014-06-23,49.0,daily
2014-06-24,48.55,daily
2014-06-25,49.95,daily
2014-06-26,49.45,daily
2014-06-27,48.5,daily
2014-06-30,49.05,daily
2014-07-01,49.8,daily
2014-07-02,50.2,daily
2014-07-03,51.2,daily
2014-07-04,51.7,daily
2014-07-07,55.3,daily
2014-07-08,54.5,daily
2014-07-09,53.9,daily
2014-07-10,50.3,daily
2014-07-11,49.3,daily
2014-07-14,49.8,daily
2014-07-15,49.85,daily
2014-07-16,47.0,daily
2014-07-17,45.7,daily
2014-07-18,46.5,daily
2014-07-21,47.2,daily
2014-07-22,47.0,daily
2014-07-24,46.4,daily
2014-07-25,44.5,daily
2014-07-28,44.0,daily
2014-07-29,45.05,daily
2014-07-30,44.6,daily
2014-07-31,41.9,daily
2014-08-01,41.15,daily
2014-08-04,42.0,daily
2014-08-05,41.0,daily
2014-08-06,41.45,daily
2014-08-07,41.8,daily
2014-08-08,42.6,daily
2014-08-11,43.05,daily
2014-08-12,41.95,daily
2014-08-13,42.15,daily
2014-08-14,43.2,daily
2014-08-15,43.0,daily
2014-08-18,43.35,daily
2014-08-19,43.55,daily
2014-08-20,43.45,daily
2014-08-21,44.45,daily
2014-08-22,45.25,daily
2014-08-25,44.9,daily
2014-08-26,45.0,daily
2014-08-27,44.75,daily
2014-08-28,43.65,daily
2014-08-29,43.6,daily
2014-09-01,45.25,daily
2014-09-02,44.45,daily
2014-09-03,45.15,daily
2014-09-04,45.0,daily
2014-09-05,43.8,daily
2014-09-09,43.65,daily
2014-09-10,43.05,daily
2014-09-11,42.9,daily
2014-09-12,42.0,daily
2014-09-15,42.0,daily
2014-09-16,41.45,daily
2014-09-17,42.35,daily
2014-09-18,43.0,daily
2014-09-19,43.4,daily
2014-09-22,42.5,daily
2014-09-23,43.55,daily
2014-09-24,42.9,daily
2014-09-25,41.95,daily
2014-09-26,42.35,daily
2014-09-29,42.15,daily
2014-09-30,41.75,daily
2014-10-01,41.85,daily
2014-10-02,41.5,daily
2014-10-03,42.5,daily
2014-10-06,42.4,daily
2014-10-07,42.55,daily
2014-10-08,41.3,daily
2014-10-09,41.5,daily
2014-10-13,39.45,daily
2014-10-14,40.45,daily
2014-10-15,39.55,daily
2014-10-16,39.05,daily
2014-10-17,39.3,daily
2014-10-20,39.8,daily
2014-10-21,39.4,daily
2014-10-22,40.4,daily
2014-10-23,40.8,daily
2014-10-24,40.75,daily
2014-10-27,41.95,daily
2014-10-28,41.65,daily
2014-10-29,41.25,daily
2014-10-30,42.2,daily
2014-10-31,42.9,daily
2014-11-03,42.95,daily
2014-11-04,42.95,daily
2014-11-05,43.0,daily
2014-11-06,43.2,daily
2014-11-07,42.95,daily
2014-11-10,42.7,daily
2014-11-11,43.6,daily
2014-11-12,42.9,daily
2014-11-13,43.85,daily
2014-11-14,43.95,daily
2014-11-17,43.9,daily
2014-11-18,44.0,daily
2014-11-19,44.7,daily
2014-11-20,45.85,daily
2014-11-21,46.0,daily
2014-11-24,45.25,daily
2014-11-25,45.2,daily
2014-11-26,45.15,daily
2014-11-27,45.15,daily
2014-11-28,45.45,daily
2014-12-01,44.7,daily
2014-12-02,44.4,daily
2014-12-03,45.85,daily
2014-12-04,45.95,daily
2014-12-05,46.1,daily
2014-12-08,46.65,daily
2014-12-09,46.85,daily
2014-12-10,46.5,daily
2014-12-11,46.5,daily
2014-12-12,46.15,daily
2014-12-15,45.8,daily
2014-12-16,45.4,daily
2014-12-17,44.8,daily
2014-12-18,46.8,daily
2014-12-19,47.0,daily
2014-12-22,48.2,daily
2014-12-23,48.25,daily
2014-12-24,48.25,daily
2014-12-25,48.0,daily
2014-12-26,48.15,daily
2014-12-27,48.2,daily
2014-12-29,48.65,daily
2014-12-30,47.95,daily
2014-12-31,47.95,daily
2015-01-05,48.2,daily
2015-01-06,47.7,daily
2015-01-07,47.2,daily
2015-01-08,48.05,daily
2015-01-09,47.8,daily
2015-01-12,47.6,daily
2015-01-13,47.5,daily
2015-01-14,48.0,daily
2015-01-15,48.0,daily
2015-01-16,47.5,daily
2015-01-19,47.95,daily
2015-01-20,48.15,daily
2015-01-21,49.2,daily
2015-01-22,50.5,daily
2015-01-23,52.0,daily
2015-01-26,52.0,daily
2015-01-27,52.1,daily
2015-01-28,52.5,daily
2015-01-29,52.4,daily
2015-01-30,53.2,daily
2015-02-02,53.4,daily
2015-02-03,53.9,daily
2015-02-04,55.0,daily
2015-02-05,55.1,daily
2015-02-06,54.4,daily
2015-02-09,53.7,daily
2015-02-10,52.9,daily
2015-02-11,53.8,daily
2015-02-12,53.5,daily
2015-02-13,55.2,daily
2015-02-24,54.3,daily
2015-02-25,56.2,daily
2015-02-26,55.9,daily
2015-03-02,56.0,daily
2015-03-03,55.9,daily
2015-03-04,55.6,daily
2015-03-05,55.8,daily
2015-03-06,55.5,daily
2015-03-09,55.5,daily
2015-03-10,55.7,daily
2015-03-11,55.0,daily
2015-03-12,55.0,daily
2015-03-13,55.9,daily
2015-03-16,54.7,daily
2015-03-17,54.0,daily
2015-03-18,54.6,daily
2015-03-19,56.1,daily
2015-03-20,55.6,daily
2015-03-23,55.1,daily
2015-03-24,53.3,daily
2015-03-25,53.7,daily
2015-03-26,52.3,daily
2015-03-27,51.1,daily
2015-03-30,52.9,daily
2015-03-31,52.1,daily
2015-04-01,50.5,daily
2015-04-02,51.6,daily
2015-04-07,51.6,daily
2015-04-08,51.4,daily
2015-04-09,50.3,daily
2015-04-10,50.4,daily
2015-04-13,51.6,daily
2015-04-14,52.1,daily
2015-04-15,49.95,daily
2015-04-16,50.6,daily
2015-04-17,49.65,daily
2015-04-20,49.5,daily
2015-04-21,49.95,daily
2015-04-22,49.85,daily
2015-04-23,52.0,daily
2015-04-24,51.8,daily
2015-04-27,52.4,daily
2015-04-28,51.0,daily
2015-04-29,50.2,daily
2015-04-30,50.6,daily
2015-05-04,51.6,daily
2015-05-05,52.4,daily
2015-05-06,51.5,daily
2015-05-07,49.9,daily
2015-05-08,48.8,daily
2015-05-11,49.0,daily
2015-05-12,49.0,daily
2015-05-13,49.35,daily
2015-05-14,48.75,daily
2015-05-15,49.3,daily
2015-05-18,49.4,daily
2015-05-19,50.9,daily
2015-05-20,50.6,daily
2015-05-21,50.5,daily
2015-05-22,49.9,daily
2015-05-25,50.5,daily
2015-05-26,50.2,daily
2015-05-27,50.7,daily
2015-05-28,51.5,daily
2015-05-29,50.8,daily
2015-06-01,49.1,daily
2015-06-02,48.85,daily
2015-06-03,47.6,daily
2015-06-04,47.7,daily
2015-06-05,46.45,daily
2015-06-08,46.7,daily
2015-06-09,45.25,daily
2015-06-10,45.2,daily
2015-06-11,45.0,daily
2015-06-12,45.5,daily
2015-06-15,45.8,daily
2015-06-16,45.7,daily
2015-06-17,45.85,daily
2015-06-18,46.0,daily
2015-06-22,47.4,daily
2015-06-23,48.35,daily
2015-06-24,48.1,daily
2015-06-25,48.35,daily
2015-06-26,48.05,daily
2015-06-29,47.15,daily
2015-06-30,47.25,daily
2015-07-01,47.45,daily
2015-07-02,46.85,daily
2015-07-03,46.0,daily
2015-07-06,46.05,daily
2015-07-07,45.7,daily
2015-07-08,44.45,daily
2015-07-09,44.5,daily
2015-07-13,43.9,daily
2015-07-14,44.7,daily
2015-07-15,43.7,daily
2015-07-16,44.35,daily
2015-07-17,42.05,daily
2015-07-20,42.7,daily
2015-07-21,42.25,daily
2015-07-22,41.55,daily
2015-07-23,37.85,daily
2015-07-24,37.0,daily
2015-07-27,37.25,daily
2015-07-28,36.9,daily
2015-07-29,36.0,daily
2015-07-30,36.4,daily
2015-07-31,35.75,daily
2015-08-03,35.6,daily
2015-08-04,35.25,daily
2015-08-05,34.2,daily
2015-08-06,33.7,daily
2015-08-07,33.35,daily
2015-08-10,34.3,daily
2015-08-11,34.75,daily
2015-08-12,34.85,daily
2015-08-13,35.6,daily
2015-08-14,36.0,daily
2015-08-17,35.3,daily
2015-08-18,34.0,daily
2015-08-19,33.1,daily
2015-08-20,33.8,daily
2015-08-21,33.5,daily
2015-08-24,36.85,daily
2015-08-25,40.1,daily
2015-08-26,38.0,daily
2015-08-27,39.8,daily
2015-08-28,39.5,daily
2015-08-31,40.0,daily
2015-09-01,39.45,daily
2015-09-02,39.6,daily
2015-09-03,40.75,daily
2015-09-04,40.5,daily
2015-09-07,41.0,daily
2015-09-08,41.7,daily
2015-09-09,42.4,daily
2015-09-10,42.7,daily
2015-09-11,42.75,daily
2015-09-14,41.95,daily
2015-09-15,42.1,daily
2015-09-16,42.55,daily
2015-09-17,42.15,daily
2015-09-18,43.15,daily
2015-09-21,41.45,daily
2015-09-22,41.2,daily
2015-09-23,38.9,daily
2015-09-24,38.0,daily
2015-09-25,39.5,daily
2015-09-30,40.85,daily
2015-10-01,40.85,daily
2015-10-02,40.35,daily
2015-10-05,39.9,daily
2015-10-06,39.65,daily
2015-10-07,39.9,daily
2015-10-08,40.25,daily
2015-10-12,40.6,daily
2015-10-13,40.25,daily
2015-10-14,40.75,daily
2015-10-15,42.4,daily
2015-10-16,43.9,daily
2015-10-19,42.6,daily
2015-10-20,42.85,daily
2015-10-21,42.65,daily
2015-10-22,41.9,daily
2015-10-23,43.4,daily
2015-10-26,43.4,daily
2015-10-27,43.2,daily
2015-10-28,43.6,daily
2015-10-29,42.85,daily
2015-10-30,43.05,daily
2015-11-02,43.05,daily
2015-11-03,43.25,daily
2015-11-04,44.5,daily
2015-11-05,44.3,daily
2015-11-06,44.1,daily
2015-11-09,44.4,daily
2015-11-10,43.6,daily
2015-11-11,43.0,daily
2015-11-12,44.0,daily
2015-11-13,43.6,daily
2015-11-16,43.2,daily
2015-11-17,44.25,daily
2015-11-18,44.55,daily
2015-11-19,44.85,daily
2015-11-20,44.35,daily
2015-11-23,44.6,daily
2015-11-24,44.95,daily
2015-11-25,45.0,daily
2015-11-26,45.75,daily
2015-11-27,44.55,daily
2015-11-30,43.0,daily
2015-12-01,45.0,daily
2015-12-02,45.0,daily
2015-12-03,45.0,daily
2015-12-04,45.0,daily
2015-12-07,45.6,daily
2015-12-08,45.5,daily
2015-12-09,44.6,daily
2015-12-10,45.7,daily
2015-12-11,45.5,daily
2015-12-14,45.55,daily
2015-12-15,50.1,daily
2015-12-16,49.0,daily
2015-12-17,49.85,daily
2015-12-18,49.7,daily
2015-12-21,51.0,daily
2015-12-22,50.1,daily
2015-12-23,52.3,daily
2015-12-24,52.3,daily
2015-12-25,52.4,daily
2015-12-28,52.1,daily
2015-12-29,51.8,daily
2015-12-30,51.8,daily
2015-12-31,52.3,daily
2016-01-04,51.6,daily
2016-01-05,51.8,daily
2016-01-06,52.0,daily
2016-01-07,52.2,daily
2016-01-08,51.4,daily
2016-01-11,51.4,daily
2016-01-12,52.3,daily
2016-01-13,52.5,daily
2016-01-14,52.4,daily
2016-01-15,52.7,daily
2016-01-18,52.2,daily
2016-01-19,52.2,daily
2016-01-20,52.4,daily
2016-01-21,52.0,daily
2016-01-22,51.5,daily
2016-01-25,51.3,daily
2016-01-26,52.0,daily
2016-01-27,51.9,daily
2016-01-28,51.0,daily
2016-01-29,51.4,daily
2016-01-30,51.3,daily
2016-02-01,51.9,daily
2016-02-02,51.7,daily
2016-02-03,51.9,daily
2016-02-15,51.9,daily
2016-02-16,51.4,daily
2016-02-17,51.8,daily
2016-02-18,51.9,daily
2016-02-19,52.3,daily
2016-02-22,51.7,daily
2016-02-23,51.7,daily
2016-02-24,48.6,daily
2016-02-25,51.4,daily
2016-02-26,51.3,daily
2016-03-01,51.0,daily
2016-03-02,50.8,daily
2016-03-03,51.0,daily
2016-03-04,50.4,daily
2016-03-07,49.25,daily
2016-03-08,50.2,daily
2016-03-09,48.8,daily
2016-03-10,48.5,daily
2016-03-11,50.5,daily
2016-03-14,50.2,daily
2016-03-15,50.7,daily
2016-03-16,50.9,daily
2016-03-17,49.65,daily
2016-03-18,49.25,daily
2016-03-21,49.0,daily
2016-03-22,48.65,daily
2016-03-23,48.35,daily
2016-03-24,49.25,daily
2016-03-25,52.7,daily
2016-03-28,52.6,daily
2016-03-29,52.6,daily
2016-03-30,51.4,daily
2016-03-31,52.0,daily
2016-04-01,51.2,daily
2016-04-06,51.3,daily
2016-04-07,50.6,daily
2016-04-08,50.6,daily
2016-04-11,50.2,daily
2016-04-12,50.2,daily
2016-04-13,51.1,daily
2016-04-14,51.2,daily
2016-04-15,51.0,daily
2016-04-18,50.5,daily
2016-04-19,49.85,daily
2016-04-20,50.4,daily
2016-04-21,50.0,daily
2016-04-22,49.8,daily
2016-04-25,50.2,daily
2016-04-26,50.0,daily
2016-04-27,50.0,daily
2016-04-28,49.95,daily
2016-04-29,47.9,daily
2016-05-03,46.5,daily
2016-05-04,43.3,daily
2016-05-05,43.8,daily
2016-05-06,44.9,daily
2016-05-09,45.35,daily
2016-05-10,45.0,daily
2016-05-11,44.75,daily
2016-05-12,44.4,daily
2016-05-13,44.85,daily
2016-05-16,48.6,daily
2016-05-17,46.45,daily
2016-05-18,46.6,daily
2016-05-19,45.6,daily
2016-05-20,46.45,daily
2016-05-23,48.8,daily
2016-05-24,50.0,daily
2016-05-25,50.5,daily
2016-05-27,53.2,daily
2016-05-30,53.2,daily
2016-05-31,53.0,daily
2016-06-01,53.0,daily
2016-06-02,52.9,daily
2016-06-03,53.4,daily
2016-06-04,53.2,daily
2016-06-06,53.0,daily
2016-06-07,53.1,daily
2016-06-08,52.8,daily
2016-06-13,51.2,daily
2016-06-14,51.5,daily
2016-06-15,51.3,daily
2016-06-16,51.0,daily
2016-06-17,51.0,daily
2016-06-20,51.5,daily
2016-06-21,51.5,daily
2016-06-22,51.7,daily
2016-06-23,48.55,daily
2016-06-24,48.15,daily
2016-06-27,48.35,daily
2016-06-28,48.5,daily
2016-06-29,48.5,daily
2016-06-30,48.95,daily
2016-07-01,48.4,daily
2016-07-04,48.55,daily
2016-07-05,48.4,daily
2016-07-06,48.0,daily
2016-07-07,47.85,daily
2016-07-11,48.25,daily
2016-07-12,48.25,daily
2016-07-13,48.3,daily
2016-07-14,48.25,daily
2016-07-15,48.25,daily
2016-07-18,48.25,daily
2016-07-19,48.25,daily
2016-07-20,48.25,daily
2016-07-21,48.5,daily
2016-07-22,48.2,daily
2016-07-25,48.3,daily
2016-07-26,48.3,daily
2016-07-27,48.25,daily
2016-07-28,48.25,daily
2016-07-29,48.0,daily
2016-08-01,48.0,daily
2016-08-02,48.0,daily
2016-08-03,48.1,daily
2016-08-04,48.1,daily
2016-08-05,48.2,daily
2016-08-08,48.2,daily
2016-08-09,48.0,daily
2016-08-10,48.15,daily
2016-08-11,48.15,daily
2016-08-12,48.1,daily
2016-08-15,48.15,daily
2016-08-16,48.15,daily
2016-08-17,48.1,daily
2016-08-18,48.15,daily
2016-08-19,48.1,daily
2016-08-22,48.05,daily
2016-08-23,48.0,daily
2016-08-24,47.9,daily
2016-08-25,48.0,daily
2016-08-26,47.9,daily
2016-08-29,47.65,daily
2016-08-30,47.7,daily
2016-08-31,47.35,daily
2016-09-01,46.55,daily
2016-09-02,46.65,daily
2016-09-05,47.05,daily
2016-09-06,47.1,daily
2016-09-07,47.15,daily
2016-09-08,47.0,daily
2016-09-09,46.6,daily
2016-09-10,46.55,daily
2016-09-12,46.3,daily
2016-09-13,46.3,daily
2016-09-14,46.6,daily
2016-09-19,46.65,daily
2016-09-20,46.65,daily
2016-09-21,47.15,daily
2016-09-22,47.2,daily
2016-09-23,47.5,daily
2016-09-26,47.85,daily
2016-09-29,48.0,daily
2016-09-30,47.0,daily
2016-10-03,47.2,daily
2016-10-04,47.1,daily
2016-10-05,47.45,daily
2016-10-06,47.45,daily
2016-10-07,47.5,daily
2016-10-11,47.5,daily
2016-10-12,47.55,daily
2016-10-13,47.75,daily
2016-10-14,47.55,daily
2016-10-17,47.6,daily
2016-10-18,47.7,daily
2016-10-19,47.75,daily
2016-10-20,47.7,daily
2016-10-21,47.5,daily
2016-10-24,47.5,daily
2016-10-25,47.5,daily
2016-10-26,47.4,daily
2016-10-27,47.3,daily
2016-10-28,47.3,daily
2016-10-31,47.75,daily
2016-11-01,47.3,daily
2016-11-02,47.05,daily
2016-11-03,47.05,daily
2016-11-04,47.0,daily
2016-11-07,47.05,daily
2016-11-08,47.25,daily
2016-11-09,46.2,daily
2016-11-10,46.9,daily
2016-11-11,46.25,daily
2016-11-14,46.05,daily
2016-11-15,46.0,daily
2016-11-16,46.0,daily
2016-11-17,46.3,daily
2016-11-18,46.3,daily
2016-11-21,47.7,daily
2016-11-22,48.5,daily
2016-11-23,48.25,daily
2016-11-24,48.45,daily
2016-11-25,48.6,daily
2016-11-28,48.45,daily
2016-11-29,47.8,daily
2016-11-30,48.25,daily
2016-12-01,47.75,daily
2016-12-02,47.3,daily
2016-12-05,47.2,daily
2016-12-06,47.6,daily
2016-12-07,48.1,daily
2016-12-08,48.25,daily
2016-12-09,48.0,daily
2016-12-12,47.95,daily
2016-12-13,47.7,daily
2016-12-14,47.55,daily
2016-12-15,47.7,daily
2016-12-16,47.4,daily
2016-12-19,47.35,daily
2016-12-20,47.35,daily
2016-12-21,47.2,daily
2016-12-22,47.1,daily
2016-12-23,46.75,daily
2016-12-26,46.65,daily
2016-12-27,46.75,daily
2016-12-28,47.05,daily
2016-12-29,47.0,daily
2016-12-30,47.85,daily
2017-01-03,47.65,daily
2017-01-04,47.5,daily
2017-01-05,47.9,daily
2017-01-06,47.65,daily
2017-01-09,47.35,daily
2017-01-10,47.5,daily
2017-01-11,47.65,daily
2017-01-12,48.1,daily
2017-01-13,48.05,daily
2017-01-16,47.7,daily
2017-01-17,47.8,daily
2017-01-18,47.7,daily
2017-01-19,47.7,daily
2017-01-20,47.6,daily
2017-01-23,47.85,daily
2017-01-24,47.7,daily
2017-02-02,47.25,daily
2017-02-03,47.6,daily
2017-02-06,47.9,daily
2017-02-07,48.0,daily
2017-02-08,47.9,daily
2017-02-09,48.15,daily
2017-02-10,48.6,daily
2017-02-13,49.0,daily
2017-02-14,49.0,daily
2017-02-15,48.95,daily
2017-02-16,48.85,daily
2017-02-17,48.65,daily
2017-02-18,48.6,daily
2017-02-20,48.5,daily
2017-02-21,48.45,daily
2017-02-22,48.45,daily
2017-02-23,48.45,daily
2017-02-24,48.4,daily
2017-03-01,48.5,daily
2017-03-02,48.3,daily
2017-03-03,48.35,daily
2017-03-06,48.4,daily
2017-03-07,48.35,daily
2017-03-08,48.3,daily
2017-03-09,48.15,daily
2017-03-10,48.1,daily
2017-03-13,48.3,daily
2017-03-14,48.55,daily
2017-03-15,48.5,daily
2017-03-16,48.7,daily
2017-03-17,48.7,daily
2017-03-20,48.7,daily
2017-03-21,48.65,daily
2017-03-22,48.7,daily
2017-03-23,48.7,daily
2017-03-24,49.25,daily
2017-03-27,49.45,daily
2017-03-28,49.6,daily
2017-03-29,49.9,daily
2017-03-30,49.75,daily
2017-03-31,49.5,daily
2017-04-05,49.75,daily
2017-04-06,49.4,daily
2017-04-07,49.45,daily
2017-04-10,49.55,daily
2017-04-11,49.5,daily
2017-04-12,49.3,daily
2017-04-13,49.35,daily
2017-04-14,49.3,daily
2017-04-17,49.4,daily
2017-04-18,49.45,daily
2017-04-19,49.45,daily
2017-04-20,49.2,daily
2017-04-21,49.0,daily
2017-04-24,49.25,daily
2017-04-25,49.45,daily
2017-04-26,49.5,daily
2017-04-27,49.0,daily
2017-04-28,48.9,daily
2017-05-02,49.25,daily
2017-05-03,49.0,daily
2017-05-04,49.2,daily
2017-05-05,48.6,daily
2017-05-08,48.8,daily
2017-05-09,48.1,daily
2017-05-10,48.0,daily
2017-05-11,48.7,daily
2017-05-12,48.1,daily
2017-05-15,48.6,daily
2017-05-16,48.85,daily
2017-05-17,49.5,daily
2017-05-18,49.6,daily
2017-05-19,49.55,daily
2017-05-22,50.1,daily
2017-05-23,50.5,daily
2017-05-24,50.4,daily
2017-05-25,50.6,daily
2017-05-26,50.4,daily
2017-05-31,50.8,daily
2017-06-01,50.6,daily
2017-06-02,50.6,daily
2017-06-03,50.3,daily
2017-06-05,50.4,daily
2017-06-06,50.4,daily
2017-06-07,50.3,daily
2017-06-08,50.7,daily
2017-06-09,50.3,daily
2017-06-12,49.8,daily
2017-06-13,49.85,daily
2017-06-14,49.8,daily
2017-06-15,49.75,daily
2017-06-16,49.75,daily
2017-06-19,49.75,daily
2017-06-20,49.7,daily
2017-06-21,49.5,daily
2017-06-22,49.7,daily
2017-06-23,49.55,daily
2017-06-26,49.5,daily
2017-06-27,49.3,daily
2017-06-28,49.2,daily
2017-06-29,48.6,daily
2017-06-30,49.15,daily
2017-07-03,48.95,daily
2017-07-04,49.45,daily
2017-07-05,49.8,daily
2017-07-06,49.7,daily
2017-07-07,49.8,daily
2017-07-10,49.8,daily
2017-07-11,49.8,daily
2017-07-12,49.95,daily
2017-07-13,49.9,daily
2017-07-14,50.1,daily
2017-07-17,50.2,daily
2017-07-18,50.2,daily
2017-07-19,50.4,daily
2017-07-20,50.3,daily
2017-07-21,50.0,daily
2017-07-24,50.2,daily
2017-07-25,49.9,daily
2017-07-26,50.1,daily
2017-07-27,50.1,daily
2017-07-28,49.75,daily
2017-07-31,49.75,daily
2017-08-01,50.0,daily
2017-08-02,48.5,daily
2017-08-03,48.7,daily
2017-08-04,48.6,daily
2017-08-07,48.55,daily
2017-08-08,48.4,daily
2017-08-09,48.35,daily
2017-08-10,48.45,daily
2017-08-11,48.3,daily
2017-08-14,48.1,daily
2017-08-15,48.1,daily
2017-08-16,48.1,daily
2017-08-17,48.0,daily
2017-08-18,47.9,daily
2017-08-21,47.9,daily
2017-08-22,47.8,daily
2017-08-23,47.85,daily
2017-08-24,47.95,daily
2017-08-25,47.85,daily
2017-08-28,47.95,daily
2017-08-29,47.8,daily
2017-08-30,47.75,daily
2017-08-31,47.8,daily
2017-09-01,47.7,daily
2017-09-04,47.25,daily
2017-09-05,47.35,daily
2017-09-06,47.3,daily
2017-09-07,47.45,daily
2017-09-08,47.6,daily
2017-09-11,47.6,daily
2017-09-12,47.7,daily
2017-09-13,47.25,daily
2017-09-14,47.6,daily
2017-09-15,47.75,daily
2017-09-18,47.65,daily
2017-09-19,47.6,daily
2017-09-20,47.7,daily
2017-09-21,47.5,daily
2017-09-22,47.55,daily
2017-09-25,47.75,daily
2017-09-26,47.7,daily
2017-09-27,48.2,daily
2017-09-28,48.4,daily
2017-09-29,48.5,daily
2017-09-30,48.45,daily
2017-10-02,48.0,daily
2017-10-03,48.45,daily
2017-10-05,48.55,daily
2017-10-06,48.5,daily
2017-10-11,48.35,daily
2017-10-12,48.7,daily
2017-10-13,48.65,daily
2017-10-16,48.75,daily
2017-10-17,48.5,daily
2017-10-18,48.35,daily
2017-10-19,48.3,daily
2017-10-20,48.1,daily
2017-10-23,48.0,daily
2017-10-24,48.2,daily
2017-10-25,48.1,daily
2017-10-26,48.2,daily
2017-10-27,48.05,daily
2017-10-30,47.95,daily
2017-10-31,47.8,daily
2017-11-01,47.8,daily
2017-11-02,47.8,daily
2017-11-03,47.85,daily
2017-11-06,47.8,daily
2017-11-07,47.75,daily
2017-11-08,47.75,daily
2017-11-09,47.85,daily
2017-11-10,47.85,daily
2017-11-13,47.85,daily
2017-11-14,47.8,daily
2017-11-15,47.7,daily
2017-11-16,47.95,daily
2017-11-17,47.95,daily
2017-11-20,48.1,daily
2017-11-21,48.1,daily
2017-11-22,48.1,daily
2017-11-23,48.3,daily
2017-11-24,48.45,daily
2017-11-27,50.0,daily
2017-11-28,50.2,daily
2017-11-29,50.1,daily
2017-11-30,50.0,daily
2017-12-01,50.0,daily
2017-12-04,50.2,daily
2017-12-05,50.2,daily
2017-12-06,50.2,daily
2017-12-07,50.0,daily
2017-12-08,50.1,daily
2017-12-11,49.8,daily
2017-12-12,50.0,daily
2017-12-13,49.8,daily
2017-12-14,49.95,daily
2017-12-15,49.7,daily
2017-12-18,49.9,daily
2017-12-19,49.85,daily
2017-12-20,49.75,daily
2017-12-21,49.85,daily
2017-12-22,49.95,daily
2017-12-25,49.95,daily
2017-12-26,49.95,daily
2017-12-27,50.0,daily
2017-12-28,50.2,daily
2017-12-29,50.3,daily
2018-01-02,50.1,daily
2018-01-03,50.2,daily
2018-01-04,50.2,daily
2018-01-05,50.0,daily
2018-01-08,50.2,daily
2018-01-09,50.2,daily
2018-01-10,50.3,daily
2018-01-11,50.3,daily
2018-01-12,50.3,daily
2018-01-15,50.3,daily
2018-01-16,50.3,daily
2018-01-17,50.5,daily
2018-01-18,50.4,daily
2018-01-19,50.5,daily
2018-01-22,50.3,daily
2018-01-23,50.2,daily
2018-01-24,50.2,daily
2018-01-25,50.4,daily
2018-01-26,50.3,daily
2018-01-29,50.3,daily
2018-01-30,50.3,daily
2018-01-31,50.4,daily
2018-02-01,50.3,daily
2018-02-02,50.3,daily
2018-02-05,50.3,daily
2018-02-06,50.3,daily
2018-02-07,50.4,daily
2018-02-08,50.3,daily
2018-02-09,50.2,daily
2018-02-12,50.3,daily
2018-02-21,50.6,daily
2018-02-22,50.6,daily
2018-02-23,50.8,daily
2018-02-26,50.8,daily
2018-02-27,50.9,daily
2018-03-01,50.7,daily
2018-03-02,50.8,daily
2018-03-05,50.7,daily
2018-03-06,50.7,daily
2018-03-07,50.7,daily
2018-03-08,50.7,daily
2018-03-09,50.8,daily
2018-03-12,50.7,daily
2018-03-13,50.7,daily
2018-03-14,50.7,daily
2018-03-15,50.8,daily
2018-03-16,50.8,daily
2018-03-19,50.9,daily
2018-03-20,50.9,daily
2018-03-21,50.8,daily
2018-03-22,50.9,daily
2018-03-23,50.8,daily
2018-03-26,50.8,daily
2018-03-27,50.9,daily
2018-03-28,50.8,daily
2018-03-29,50.9,daily
2018-03-30,50.8,daily
2018-03-31,50.8,daily
2018-04-02,50.8,daily
2018-04-03,50.8,daily
2018-04-09,50.8,daily
2018-04-10,50.9,daily
2018-04-11,50.9,daily
2018-04-12,50.9,daily
2018-04-13,50.9,daily
2018-04-16,51.0,daily
2018-04-17,51.0,daily
