,ret,source
1963-07,0.008811644874,proxy S3
1963-08,-0.05467302179,proxy S3
1963-09,0.01879990114,proxy S3
1963-10,-0.02689980156,proxy S3
1963-11,-0.003594873467,proxy S3
1963-12,-0.009800232003,proxy S3
1964-01,0.005023311541,proxy S3
1964-02,-0.005346622364,proxy S3
1964-03,-0.04244489867,proxy S3
1964-04,0.03674864487,proxy S3
1964-05,0.0006629011405,proxy S3
1964-06,0.004959311541,proxy S3
1964-07,0.02042031154,proxy S3
1964-08,0.03116710133,proxy S3
1964-09,-0.02089589867,proxy S3
1964-10,0.006630311541,proxy S3
1964-11,0.03538984776,proxy S3
1964-12,0.002628978207,proxy S3
1965-01,-0.01638276553,proxy S3
1965-02,-0.02228715224,proxy S3
1965-03,0.007989467516,proxy S3
1965-04,-0.029853232,proxy S3
1965-05,0.009579275794,proxy S3
1965-06,0.052410919,proxy S3
1965-07,-0.01952689867,proxy S3
1965-08,-0.04503168846,proxy S3
1965-09,-0.029017232,proxy S3
1965-10,-0.04368256534,proxy S3
1965-11,-0.01719705754,proxy S3
1965-12,-0.05161774767,proxy S3
1966-01,-0.02898325602,proxy S3
1966-02,-0.05967715224,proxy S3
1966-03,0.004873134182,proxy S3
1966-04,-0.03401039087,proxy S3
1966-05,0.06998507732,proxy S3
1966-06,-0.01977941433,proxy S3
1966-07,0.02188027579,proxy S3
1966-08,0.01898180085,proxy S3
1966-09,0.05950874398,proxy S3
1966-10,0.06044474398,proxy S3
1966-11,-0.09313005754,proxy S3
1966-12,0.006285743983,proxy S3
1967-01,-0.07012192268,proxy S3
1967-02,-0.01823715224,proxy S3
1967-03,-0.01051841433,proxy S3
1967-04,-0.02178939087,proxy S3
1967-05,0.020520919,proxy S3
1967-06,-0.01753702179,proxy S3
1967-07,-0.02489139087,proxy S3
1967-08,0.007578198439,proxy S3
1967-09,-0.0009133908722,proxy S3
1967-10,0.005583585665,proxy S3
1967-11,0.02107094246,proxy S3
1967-12,-0.01770505754,proxy S3
1968-01,0.040767919,proxy S3
1968-02,0.04934584776,proxy S3
1968-03,-0.02151758935,proxy S3
1968-04,-0.05716972421,proxy S3
1968-05,-0.032092081,proxy S3
1968-06,0.04652944544,proxy S3
1968-07,0.03809025838,proxy S3
1968-08,-0.0024192068,proxy S3
1968-09,-0.03814388789,proxy S3
1968-10,0.01276645987,proxy S3
1968-11,-0.01871188789,proxy S3
1968-12,0.0279317932,proxy S3
1969-01,0.02473958567,proxy S3
1969-02,0.05293079206,proxy S3
1969-03,-0.009964724206,proxy S3
1969-04,-0.01199406404,proxy S3
1969-05,0.02544507732,proxy S3
1969-06,0.05573374398,proxy S3
1969-07,0.03915893596,proxy S3
1969-08,-0.08819158935,proxy S3
1969-09,-0.005130064041,proxy S3
1969-10,-0.01698684878,proxy S3
1969-11,0.008001416194,proxy S3
1969-12,0.02030883164,proxy S3
1970-01,0.08093660263,proxy S3
1970-02,0.008697749528,proxy S3
1970-03,0.06788793596,proxy S3
1970-04,0.117103919,proxy S3
1970-05,0.05837460263,proxy S3
1970-06,0.07275483164,proxy S3
1970-07,-0.01012874767,proxy S3
1970-08,-0.06732239737,proxy S3
1970-09,-0.1358397307,proxy S3
1970-10,0.08607325233,proxy S3
1970-11,0.02976027579,proxy S3
1970-12,0.010304919,proxy S3
1971-01,-0.07019439087,proxy S3
1971-02,-0.01145481891,proxy S3
1971-03,-0.05492146823,proxy S3
1971-04,-0.070954232,proxy S3
1971-05,0.009318234474,proxy S3
1971-06,0.05345558567,proxy S3
1971-07,0.07798574398,proxy S3
1971-08,-0.09261374767,proxy S3
1971-09,0.01890974398,proxy S3
1971-10,0.06140741065,proxy S3
1971-11,0.01101907732,proxy S3
1971-12,-0.045042081,proxy S3
1972-01,-0.070804232,proxy S3
1972-02,-0.03793843219,proxy S3
1972-03,-0.003436021793,proxy S3
1972-04,-0.005609432193,proxy S3
1972-05,-0.002736688459,proxy S3
1972-06,0.06985531154,proxy S3
1972-07,0.05327960913,proxy S3
1972-08,0.04865986511,proxy S3
1972-09,0.03289827579,proxy S3
1972-10,0.04502525233,proxy S3
1972-11,0.002484609128,proxy S3
1972-12,0.03981251442,proxy S3
1973-01,0.08529307732,proxy S3
1973-02,0.06728551442,proxy S3
1973-03,0.02023225233,proxy S3
1973-04,0.08340146415,proxy S3
1973-05,0.09697658567,proxy S3
1973-06,0.05585007732,proxy S3
1973-07,-0.130775064,proxy S3
1973-08,0.02454881789,proxy S3
1973-09,-0.04027924455,proxy S3
1973-10,-0.004284515445,proxy S3
1973-11,0.1445872693,proxy S3
1973-12,0.01619013082,proxy S3
1974-01,-0.04684616836,proxy S3
1974-02,-0.04159625047,proxy S3
1974-03,0.03915893596,proxy S3
1974-04,-0.02848798139,proxy S3
1974-05,-0.007559168361,proxy S3
1974-06,0.04088813082,proxy S3
1974-07,0.09704616497,proxy S3
1974-08,-0.009579168361,proxy S3
1974-09,0.06378713975,proxy S3
1974-10,0.02225680085,proxy S3
1974-11,0.02701679749,proxy S3
1974-12,0.05444126929,proxy S3
1975-01,-0.100568835,proxy S3
1975-02,-0.05912415224,proxy S3
1975-03,-0.07178872421,proxy S3
1975-04,-0.076235081,proxy S3
1975-05,0.00391541065,proxy S3
1975-06,0.01618341065,proxy S3
1975-07,0.05293025233,proxy S3
1975-08,0.02608441065,proxy S3
1975-09,0.02499093596,proxy S3
1975-10,-0.02360219915,proxy S3
1975-11,-0.01624115224,proxy S3
1975-12,0.033496919,proxy S3
1976-01,-0.08175892268,proxy S3
1976-02,-0.03115248558,proxy S3
1976-03,0.007199800849,proxy S3
1976-04,0.03932841065,proxy S3
1976-05,0.01835460913,proxy S3
1976-06,-0.03660541433,proxy S3
1976-07,0.05162907732,proxy S3
1976-08,0.04775058567,proxy S3
1976-09,0.01664474398,proxy S3
1976-10,0.05583941065,proxy S3
1976-11,-0.005806724206,proxy S3
1976-12,-0.005311414335,proxy S3
1977-01,0.08263841065,proxy S3
1977-02,0.02243451442,proxy S3
1977-03,0.008869800849,proxy S3
1977-04,0.03176727579,proxy S3
1977-05,0.008351743983,proxy S3
1977-06,-0.038198081,proxy S3
1977-07,0.01167118109,proxy S3
1977-08,-0.02525419915,proxy S3
1977-09,0.02262607732,proxy S3
1977-10,0.03623407732,proxy S3
1977-11,-0.04101858935,proxy S3
1977-12,0.01608841065,proxy S3
1978-01,0.02672841065,proxy S3
1978-02,-0.001912485575,proxy S3
1978-03,-0.04230041433,proxy S3
1978-04,-0.09504520251,proxy S3
1978-05,-0.041255081,proxy S3
1978-06,0.01912325233,proxy S3
1978-07,-0.05742620251,proxy S3
1978-08,-0.04116719915,proxy S3
1978-09,0.03234279749,proxy S3
1978-10,0.09043683164,proxy S3
1978-11,-0.02705673071,proxy S3
1978-12,0.0008114730842,proxy S3
1979-01,0.01367749831,proxy S3
1979-02,0.05158842212,proxy S3
1979-03,-0.04248827459,proxy S3
1979-04,-0.0004211935825,proxy S3
1979-05,0.04012305875,proxy S3
1979-06,0.01901635194,proxy S3
1979-07,-0.01378964806,proxy S3
1979-08,-0.02907151544,proxy S3
1979-09,0.01264808878,proxy S3
1979-10,0.03584926024,proxy S3
1979-11,0.008329666625,proxy S3
1979-12,-0.04164002386,proxy S3
1980-01,0.0005890587475,proxy S3
1980-02,0.009220806418,proxy S3
1980-03,0.06418722139,proxy S3
1980-04,0.05286888806,proxy S3
1980-05,-0.001468314727,proxy S3
1980-06,0.02912226929,proxy S3
1980-07,-0.101743081,proxy S3
1980-08,-0.05249939737,proxy S3
1980-09,-0.05414164806,proxy S3
1980-10,-0.006478073096,proxy S3
1980-11,-0.09486131448,proxy S3
1980-12,0.07446449359,proxy S3
1981-01,0.08805433329,proxy S3
1981-02,0.03133143647,proxy S3
1981-03,-0.07059239038,proxy S3
1981-04,0.01200433329,proxy S3
1981-05,0.001523646869,proxy S3
1981-06,0.08772449359,proxy S3
1981-07,-0.01165383974,proxy S3
1981-08,0.06919822139,proxy S3
1981-09,0.07371822139,proxy S3
1981-10,-0.04521839038,proxy S3
1981-11,0.0582516428,proxy S3
1981-12,0.02407805875,proxy S3
1982-01,0.06114280642,proxy S3
1982-02,0.100560538,proxy S3
1982-03,0.0737179269,proxy S3
1982-04,-0.006307000042,proxy S3
1982-05,0.05228397614,proxy S3
1982-06,0.05449105875,proxy S3
1982-07,0.04352533329,proxy S3
1982-08,-0.02656150169,proxy S3
1982-09,0.03396307732,proxy S3
1982-10,-0.06747473071,proxy S3
1982-11,-0.009839064041,proxy S3
1982-12,0.01000149831,proxy S3
1983-01,-0.05496639737,proxy S3
1983-02,0.03569008286,proxy S3
1983-03,0.01763248456,proxy S3
1983-04,0.0006638064175,proxy S3
1983-05,-0.06760773071,proxy S3
1983-06,-0.04065383503,proxy S3
1983-07,0.05478747308,proxy S3
1983-08,0.02100615122,proxy S3
1983-09,0.05870468527,proxy S3
1983-10,0.1161826853,proxy S3
1983-11,-0.04856606404,proxy S3
1983-12,-0.003847397375,proxy S3
1984-01,0.05940235194,proxy S3
1984-02,0.01558913975,proxy S3
1984-03,0.0006158316393,proxy S3
1984-04,0.01477780642,proxy S3
1984-05,0.06813172541,proxy S3
1984-06,0.01840635194,proxy S3
1984-07,0.07278901861,proxy S3
1984-08,-0.08043573976,proxy S3
1984-09,0.06669487137,proxy S3
1984-10,0.05795526024,proxy S3
1984-11,0.05242726929,proxy S3
1984-12,0.0001447974859,proxy S3
1985-01,-0.09484750169,proxy S3
1985-02,0.03450574953,proxy S3
1985-03,0.07206393596,proxy S3
1985-04,0.06274160263,proxy S3
1985-05,0.04448049831,proxy S3
1985-06,0.03738879749,proxy S3
1985-07,-0.02980450169,proxy S3
1985-08,0.04184625233,proxy S3
1985-09,0.04541608286,proxy S3
1985-10,0.02885048456,proxy S3
1985-11,-0.02272953585,proxy S3
1985-12,0.001049935959,proxy S3
1986-01,0.03778016497,proxy S3
1986-02,0.006616416194,proxy S3
1986-03,0.02458913082,proxy S3
1986-04,0.003144585665,proxy S3
1986-05,0.01003541065,proxy S3
1986-06,0.07779907732,proxy S3
1986-07,0.09452058567,proxy S3
1986-08,0.002359743983,proxy S3
1986-09,0.01464207732,proxy S3
1986-10,-0.007078532484,proxy S3
1986-11,-0.002403485575,proxy S3
1986-12,0.013380919,proxy S3
1987-01,-0.06326025602,proxy S3
1987-02,-0.07938648558,proxy S3
1987-03,0.0009902523317,proxy S3
1987-04,-0.01032125602,proxy S3
1987-05,-0.01685672421,proxy S3
1987-06,0.03500758567,proxy S3
1987-07,-0.011823081,proxy S3
1987-08,-0.02828325602,proxy S3
1987-09,0.02693774398,proxy S3
1987-10,0.169426165,proxy S3
1987-11,0.05550694246,proxy S3
1987-12,-0.080224081,proxy S3
1988-01,0.04269723447,proxy S3
1988-02,-0.05931072421,proxy S3
1988-03,0.01662446752,proxy S3
1988-04,0.005028275794,proxy S3
1988-05,0.02658707732,proxy S3
1988-06,-0.051473081,proxy S3
1988-07,0.02251446415,proxy S3
1988-08,0.05318481789,proxy S3
1988-09,-0.006455064041,proxy S3
1988-10,0.03415860263,proxy S3
1988-11,0.03065260263,proxy S3
1988-12,-0.02282806404,proxy S3
1989-01,-0.04296206404,proxy S3
1989-02,0.009174749528,proxy S3
1989-03,0.007152498306,proxy S3
1989-04,0.0004771308193,proxy S3
1989-05,-0.01591127459,proxy S3
1989-06,0.05799316497,proxy S3
1989-07,-0.01617386918,proxy S3
1989-08,-0.02655584878,proxy S3
1989-09,0.007789464153,proxy S3
1989-10,0.05713883164,proxy S3
1989-11,0.02303660263,proxy S3
1989-12,0.03985513082,proxy S3
1990-01,0.03927916497,proxy S3
1990-02,-0.02772425047,proxy S3
1990-03,-0.03291183503,proxy S3
1990-04,0.004943464153,proxy S3
1990-05,-0.06639016836,proxy S3
1990-06,0.01121693596,proxy S3
1990-07,0.06452026929,proxy S3
1990-08,0.08471615122,proxy S3
1990-09,0.09102808286,proxy S3
1990-10,0.07860215122,proxy S3
1990-11,-0.08588939737,proxy S3
1990-12,-0.02481286918,proxy S3
1991-01,-0.091145081,proxy S3
1991-02,-0.03674325047,proxy S3
1991-03,-0.03457172421,proxy S3
1991-04,0.009157252332,proxy S3
1991-05,-0.049947081,proxy S3
1991-06,0.05374094246,proxy S3
1991-07,-0.03545941433,proxy S3
1991-08,-0.02689941433,proxy S3
1991-09,0.03353460913,proxy S3
1991-10,0.01270513418,proxy S3
1991-11,0.05269594246,proxy S3
1991-12,-0.07707492268,proxy S3
1992-01,-0.08135541433,proxy S3
1992-02,-0.03536062236,proxy S3
1992-03,0.03654158567,proxy S3
1992-04,0.05569174398,proxy S3
1992-05,0.02351090114,proxy S3
1992-06,0.04414031154,proxy S3
1992-07,0.009567978207,proxy S3
1992-08,0.04945610133,proxy S3
1992-09,0.01060710133,proxy S3
1992-10,-0.06102702179,proxy S3
1992-11,-0.09522209886,proxy S3
1992-12,-0.005245688459,proxy S3
1993-01,-0.01247409886,proxy S3
1993-02,0.0710050443,proxy S3
1993-03,-0.01018846823,proxy S3
1993-04,0.04253543466,proxy S3
1993-05,-0.05034576553,proxy S3
1993-06,0.01193264487,proxy S3
1993-07,0.01651643466,proxy S3
1993-08,-0.007344688459,proxy S3
1993-09,-0.034636232,proxy S3
1993-10,-0.01379656534,proxy S3
1993-11,-0.037706232,proxy S3
1993-12,-0.0001120217926,proxy S3
1994-01,-0.02641056534,proxy S3
1994-02,-0.03019628903,proxy S3
1994-03,0.01549319844,proxy S3
1994-04,0.03152071097,proxy S3
1994-05,-0.03258789867,proxy S3
1994-06,0.03751064487,proxy S3
1994-07,-0.007110765526,proxy S3
1994-08,-0.06546053248,proxy S3
1994-09,0.02102241065,proxy S3
1994-10,0.003812743983,proxy S3
1994-11,0.00600841065,proxy S3
1994-12,0.01301307732,proxy S3
1995-01,0.01320341065,proxy S3
1995-02,-0.01949415224,proxy S3
1995-03,-0.003172865818,proxy S3
1995-04,0.01698018109,proxy S3
1995-05,-0.001948414335,proxy S3
1995-06,-0.05366974767,proxy S3
1995-07,-0.05556605754,proxy S3
1995-08,0.002447467516,proxy S3
1995-09,0.02039794246,proxy S3
1995-10,0.03559925233,proxy S3
1995-11,0.007306077316,proxy S3
1995-12,0.07884094246,proxy S3
1996-01,0.009417918998,proxy S3
1996-02,-0.03671105754,proxy S3
1996-03,0.02023374398,proxy S3
1996-04,-0.04236892268,proxy S3
1996-05,-0.01087141433,proxy S3
1996-06,0.08343160913,proxy S3
1996-07,0.04081858567,proxy S3
1996-08,-0.01829674767,proxy S3
1996-09,-0.04984205754,proxy S3
1996-10,0.04103513418,proxy S3
1996-11,-0.01435272421,proxy S3
1996-12,0.02003574398,proxy S3
1997-01,-0.03434774767,proxy S3
1997-02,0.03632518109,proxy S3
1997-03,0.05342160913,proxy S3
1997-04,-0.004081081002,proxy S3
1997-05,-0.06274025602,proxy S3
1997-06,0.01132374398,proxy S3
1997-07,-0.01916974767,proxy S3
1997-08,0.00777441065,proxy S3
1997-09,-0.02833825602,proxy S3
1997-10,0.03148080085,proxy S3
1997-11,0.01123818109,proxy S3
1997-12,0.02473058567,proxy S3
1998-01,-0.001122390872,proxy S3
1998-02,-0.02585881891,proxy S3
1998-03,0.02233458567,proxy S3
1998-04,-0.02354792268,proxy S3
1998-05,0.03431260913,proxy S3
1998-06,0.01059558567,proxy S3
1998-07,0.022922919,proxy S3
1998-08,0.1249344106,proxy S3
1998-09,-0.01835158935,proxy S3
1998-10,-0.04848968846,proxy S3
1998-11,-0.02801005754,proxy S3
1998-12,-0.04631274767,proxy S3
1999-01,-0.1035101522,proxy S3
1999-02,0.04328218109,proxy S3
1999-03,-0.05770219915,proxy S3
1999-04,0.0003367439829,proxy S3
1999-05,0.009901942461,proxy S3
1999-06,-0.04052674767,proxy S3
1999-07,0.02499041065,proxy S3
1999-08,0.01596358567,proxy S3
1999-09,-0.02026158935,proxy S3
1999-10,-0.04090992268,proxy S3
1999-11,-0.109968256,proxy S3
1999-12,-0.1410464143,proxy S3
2000-01,0.02788694246,proxy S3
2000-02,-0.1834257242,proxy S3
2000-03,0.08820880085,proxy S3
2000-04,0.09132784776,proxy S3
2000-05,0.103475919,proxy S3
2000-06,-0.079507081,proxy S3
2000-07,0.03546860913,proxy S3
2000-08,-0.007527865818,proxy S3
2000-09,0.1609404642,proxy S3
2000-10,0.04235949831,proxy S3
2000-11,0.2084490773,proxy S3
2000-12,0.06304779749,proxy S3
2001-01,-0.2603797307,proxy S3
2001-02,0.1753968478,proxy S3
2001-03,0.1140515857,proxy S3
2001-04,-0.07937539087,proxy S3
2001-05,0.01578331154,proxy S3
2001-06,-0.01856989867,proxy S3
2001-07,0.06636643466,proxy S3
2001-08,0.1004961984,proxy S3
2001-09,0.1727182036,proxy S3
2001-10,-0.1656201349,proxy S3
2001-11,-0.1372945653,proxy S3
2001-12,0.00350090114,proxy S3
2002-01,0.02669343466,proxy S3
2002-02,0.1350263776,proxy S3
2002-03,-0.03928343219,proxy S3
2002-04,0.1265973115,proxy S3
2002-05,0.04422031154,proxy S3
2002-06,0.1058209011,proxy S3
2002-07,0.06614397821,proxy S3
2002-08,0.03728364487,proxy S3
2002-09,0.08279223447,proxy S3
2002-10,-0.1389124682,proxy S3
2002-11,-0.1964057655,proxy S3
2002-12,0.139246768,proxy S3
2003-01,-0.002155666667,proxy S3
2003-02,-0.007439,proxy S3
2003-03,0.015294,proxy S3
2003-04,-0.08261366667,proxy S3
2003-05,-0.06509733333,proxy S3
2003-06,-0.01840066667,proxy S3
2003-07,-0.047848,proxy S3
2003-08,-0.065586,proxy S3
2003-09,0.036713,proxy S3
2003-10,-0.045681,proxy S3
2003-11,0.002965666667,proxy S3
2003-12,0.01529966667,proxy S3
2004-01,-0.03278333333,proxy S3
2004-02,0.03456666667,proxy S3
2004-03,0.02554633333,proxy S3
2004-04,0.054155,proxy S3
2004-05,-0.03832633333,proxy S3
2004-06,0.01416666667,proxy S3
2004-07,0.08726766667,proxy S3
2004-08,0.05648464487,proxy S3
2004-09,-0.02178956534,proxy S3
2004-10,-0.03780489867,proxy S3
2004-11,-0.007422898669,proxy S3
2004-12,-0.02395302179,proxy S3
2005-01,0.05440423447,proxy S3
2005-02,0.01283471097,proxy S3
2005-03,0.02405731154,proxy S3
2005-04,0.04648643466,proxy S3
2005-05,-0.05558189867,proxy S3
2005-06,0.01647497821,proxy S3
2005-07,-0.04004443219,proxy S3
2005-08,0.001315198439,proxy S3
2005-09,-0.002109898669,proxy S3
2005-10,0.01581210133,proxy S3
2005-11,-0.03887856534,proxy S3
2005-12,0.003121077316,proxy S3
2006-01,-0.03693072421,proxy S3
2006-02,0.001884181092,proxy S3
2006-03,0.0005401341822,proxy S3
2006-04,0.001075514425,proxy S3
2006-05,0.04870258567,proxy S3
2006-06,0.021859919,proxy S3
2006-07,0.07394227579,proxy S3
2006-08,-0.02428153248,proxy S3
2006-09,-0.01132605754,proxy S3
2006-10,-0.01256241433,proxy S3
2006-11,-0.01226292268,proxy S3
2006-12,0.01250627579,proxy S3
2007-01,-0.02563405754,proxy S3
2007-02,-0.003350818908,proxy S3
2007-03,-0.000503414335,proxy S3
2007-04,-0.01257605754,proxy S3
2007-05,-0.012157081,proxy S3
2007-06,-0.003639256017,proxy S3
2007-07,-0.00865158935,proxy S3
2007-08,0.03296013418,proxy S3
2007-09,-0.008765818908,proxy S3
2007-10,-0.01326113489,proxy S3
2007-11,0.03873574398,proxy S3
2007-12,0.003738567807,proxy S3
2008-01,0.054742768,proxy S3
2008-02,-0.01910443219,proxy S3
2008-03,0.02371756781,proxy S3
2008-04,-0.05789802179,proxy S3
2008-05,-0.039923232,proxy S3
2008-06,0.01468543466,proxy S3
2008-07,0.01629097821,proxy S3
2008-08,-0.01300789867,proxy S3
2008-09,0.1222591013,proxy S3
2008-10,0.09260633333,proxy S3
2008-11,0.09000766667,proxy S3
2008-12,-0.06866433333,proxy S3
2009-01,0.01071466667,proxy S3
2009-02,0.002165666667,proxy S3
2009-03,-0.06370333333,proxy S3
2009-04,-0.2128056667,proxy S3
2009-05,-0.000896,proxy S3
2009-06,-0.002225666667,proxy S3
2009-07,-0.1119363333,proxy S3
2009-08,-0.1362373333,proxy S3
2009-09,-0.06733366667,proxy S3
2009-10,0.04968,proxy S3
2009-11,-0.03694633333,proxy S3
2009-12,-0.019185,proxy S3
2010-01,0.034292,proxy S3
2010-02,-0.04267166667,proxy S3
2010-03,-0.06650266667,proxy S3
2010-04,-0.03040433333,proxy S3
2010-05,0.04885233333,proxy S3
2010-06,0.07271933333,proxy S3
2010-07,-0.06664566667,proxy S3
2010-08,0.05236733333,proxy S3
2010-09,-0.059983,proxy S3
2010-10,-0.04350466667,proxy S3
2010-11,-0.036993,proxy S3
2010-12,-0.047261,proxy S3
2011-01,-0.02740366667,proxy S3
2011-02,-0.018841,proxy S3
2011-03,0.01310266667,proxy S3
2011-04,-0.008694,proxy S3
2011-05,0.03355066667,proxy S3
2011-06,0.009118,proxy S3
2011-07,0.009742666667,proxy S3
2011-08,0.1178233333,proxy S3
2011-09,0.104578,proxy S3
2011-10,-0.1384615345,real BTAL
2011-11,0.04285716141,real BTAL
2011-12,0.03294882894,real BTAL
2012-01,-0.07886953966,real BTAL
2012-02,-0.01556787382,real BTAL
2012-03,-0.00558147689,real BTAL
2012-04,0.02806371457,real BTAL
2012-05,0.07506826361,real BTAL
2012-06,0.003808610372,real BTAL
2012-07,0.00927508693,real BTAL
2012-08,-0.0355053545,real BTAL
2012-09,-0.002120319236,real BTAL
2012-10,-0.006510573873,real BTAL
2012-11,-0.0008735410721,real BTAL
2012-12,-0.03629196685,real BTAL
2013-01,-0.04673336847,real BTAL
2013-02,0.03379337536,real BTAL
2013-03,-0.007366390771,real BTAL
2013-04,0.01669758264,real BTAL
2013-05,-0.05109495202,real BTAL
2013-06,0.006730896705,real BTAL
2013-07,-0.02626566211,real BTAL
2013-08,-0.01520339569,real BTAL
2013-09,-0.02788853304,real BTAL
2013-10,0.006147464112,real BTAL
2013-11,-0.00509169838,real BTAL
2013-12,-0.02763561475,real BTAL
2014-01,-0.007894696944,real BTAL
2014-02,-0.01061006441,real BTAL
2014-03,0.02841840765,real BTAL
2014-04,0.02346181561,real BTAL
2014-05,-0.005603653874,real BTAL
2014-06,-0.01639346294,real BTAL
2014-07,0.0250000315,real BTAL
2014-08,-0.02591458918,real BTAL
2014-09,0.0146060867,real BTAL
2014-10,0.007712155503,real BTAL
2014-11,0.02346920504,real BTAL
2014-12,0.02941178405,real BTAL
2015-01,0.03196128853,real BTAL
2015-02,-0.05678081876,real BTAL
2015-03,0,real BTAL
2015-04,-0.04029838777,real BTAL
2015-05,-0.004665742083,real BTAL
2015-06,-0.01510403537,real BTAL
2015-07,0.05393949902,real BTAL
2015-08,0.02508793726,real BTAL
2015-09,0.04013708823,real BTAL
2015-10,-0.05176477942,real BTAL
2015-11,-0.006947913132,real BTAL
2015-12,0.03348333526,real BTAL
2016-01,0.09477743699,real BTAL
2016-02,-0.00176656823,real BTAL
2016-03,-0.02212410046,real BTAL
2016-04,-0.03122167939,real BTAL
2016-05,0.001401248254,real BTAL
2016-06,0.08442166236,real BTAL
2016-07,-0.05892489126,real BTAL
2016-08,-0.02285183808,real BTAL
2016-09,-0.01637028736,real BTAL
2016-10,0.01569172332,real BTAL
2016-11,-0.09082386815,real BTAL
2016-12,0.01441805766,real BTAL
2017-01,-0.02081208999,real BTAL
2017-02,0.00311026673,real BTAL
2017-03,0.02067180467,real BTAL
2017-04,0.01215197056,real BTAL
2017-05,0.0390195726,real BTAL
2017-06,-0.03659130765,real BTAL
2017-07,-0.001998865672,real BTAL
2017-08,0.004005738277,real BTAL
2017-09,-0.04089758002,real BTAL
2017-10,0.006760242938,real BTAL
2017-11,-0.01084714229,real BTAL
2017-12,0.006788714245,real BTAL
2018-01,-0.03267656216,real BTAL
2018-02,0.001608735941,real BTAL
2018-03,0.03747299683,real BTAL
2018-04,-0.001547911737,real BTAL
2018-05,-0.003617355579,real BTAL
2018-06,0.0399374248,real BTAL
2018-07,-0.007481259288,real BTAL
2018-08,0.01005034788,real BTAL
2018-09,0.004975281133,real BTAL
2018-10,0.05594037752,real BTAL
2018-11,-0.002343932508,real BTAL
2018-12,0.04306275719,real BTAL
2019-01,-0.04025350287,real BTAL
2019-02,-0.009425025546,real BTAL
2019-03,0.02568988258,real BTAL
2019-04,-0.01252311961,real BTAL
2019-05,0.06716766952,real BTAL
2019-06,-0.0347711762,real BTAL
2019-07,0.01641580814,real BTAL
2019-08,0.08927769304,real BTAL
2019-09,-0.02388782204,real BTAL
2019-10,-0.00548539878,real BTAL
2019-11,-0.02672877303,real BTAL
2019-12,-0.02585256162,real BTAL
2020-01,0.05688485704,real BTAL
2020-02,0.0042717584,real BTAL
2020-03,0.09272646593,real BTAL
2020-04,-0.03386527079,real BTAL
2020-05,0.01248989667,real BTAL
2020-06,-0.03143659561,real BTAL
2020-07,0.02465079417,real BTAL
2020-08,-0.05292696622,real BTAL
2020-09,-0.001270133659,real BTAL
2020-10,-0.03094533891,real BTAL
2020-11,-0.1496063299,real BTAL
2020-12,-0.01851852886,real BTAL
2021-01,0.0141508661,real BTAL
2021-02,-0.1100775062,real BTAL
2021-03,-0.005226515651,real BTAL
2021-04,-0.01284282624,real BTAL
2021-05,-0.0189237451,real BTAL
2021-06,0.01989154469,real BTAL
2021-07,0.01832146894,real BTAL
2021-08,-0.008125388263,real BTAL
2021-09,-0.003510700048,real BTAL
2021-10,-0.01409284763,real BTAL
2021-11,0.01905899528,real BTAL
2021-12,0.03915841694,real BTAL
2022-01,0.05230571149,real BTAL
2022-02,-0.04489557727,real BTAL
2022-03,0.02630094466,real BTAL
2022-04,0.08505991183,real BTAL
2022-05,0.01758794244,real BTAL
2022-06,0.0755556866,real BTAL
2022-07,-0.08402200987,real BTAL
2022-08,-0.00852124418,real BTAL
2022-09,0.02780572173,real BTAL
2022-10,0.01918340404,real BTAL
2022-11,-0.002895702426,real BTAL
2022-12,0.03685085192,real BTAL
2023-01,-0.06364921891,real BTAL
2023-02,-0.005538783935,real BTAL
2023-03,0.03291133867,real BTAL
2023-04,0.02696084708,real BTAL
2023-05,-0.05441536983,real BTAL
2023-06,-0.05300345189,real BTAL
2023-07,-0.04904059236,real BTAL
2023-08,0.05381172079,real BTAL
2023-09,0.05638302568,real BTAL
2023-10,0.06193360603,real BTAL
2023-11,-0.04836431544,real BTAL
2023-12,-0.1028392028,real BTAL
2024-01,0.08259583393,real BTAL
2024-02,-0.01089924116,real BTAL
2024-03,-0.007162523194,real BTAL
2024-04,0.05549397207,real BTAL
2024-05,0.01314399623,real BTAL
2024-06,0.01816296715,real BTAL
2024-07,-0.01274214285,real BTAL
2024-08,0.0418171937,real BTAL
2024-09,-0.02874131523,real BTAL
2024-10,0.01224490302,real BTAL
2024-11,-0.04939515594,real BTAL
2024-12,0.01406012789,real BTAL
2025-01,-0.01893938592,real BTAL
2025-02,0.07666859542,real BTAL
2025-03,0.06762293029,real BTAL
2025-04,-0.02783105344,real BTAL
2025-05,-0.04985195332,real BTAL
2025-06,-0.08051942511,real BTAL
2025-07,-0.06949164376,real BTAL
2025-08,-0.006071532496,real BTAL
2025-09,-0.02748936272,real BTAL
2025-10,-0.07914575048,real BTAL
2025-11,0.01500686177,real BTAL
2025-12,-0.008586767529,real BTAL
2026-01,-0.01181376458,real BTAL
2026-02,-0.009845312285,real BTAL
2026-03,-0.008522719191,real BTAL
2026-04,-0.1074498564,real BTAL
2026-05,-0.0730336954,real BTAL
2026-06,-0.0346320836,real BTAL
2026-07,0.09865474611,real BTAL
2026-08,0.0008163452148,real BTAL
2026-09,-0.02120719609,real BTAL
2026-10,0.0008333524068,real BTAL
