Ticker,MinDate,MaxDate,Rows,LagToMasterMax_Days,MissingInFullMatrix,MissingPctInFullMatrix
2411.TW,2004-02-11,2008-10-22,1169,6553,4343,100.0
3009.TW,2006-06-30,2010-03-05,82,6054,4293,98.849
2350.TW,2004-02-11,2010-06-15,1580,5952,3987,91.803
2403.TW,2004-02-11,2010-11-08,1682,5806,3885,89.454
3367.TW,2005-10-25,2011-09-28,1476,5482,3665,84.389
8008.TW,2003-08-01,2013-07-11,2473,4830,3227,74.303
2315.TW,2004-02-11,2013-08-30,2379,4780,3192,73.498
3697.TW,2010-12-24,2014-01-15,759,4642,3589,82.639
8078.TW,2004-02-11,2014-02-14,2490,4612,3082,70.965
2384.TW,2004-02-11,2014-11-18,2680,4335,2892,66.59
6286.TW,2004-02-11,2016-04-20,3025,3816,2549,58.692
3474.TW,2006-06-30,2016-11-29,1750,3593,2634,60.649
2311.TW,2006-06-30,2018-04-17,2085,3089,2303,53.028
2325.TW,2006-06-30,2018-04-17,2085,3089,2303,53.028
3514.TW,2006-12-26,2018-09-17,2898,2936,1960,45.13
3519.TW,2006-12-13,2019-04-30,3048,2711,1814,41.768
2475.TW,2001-09-19,2019-05-10,4357,2701,1815,41.791
2448.TW,2001-05-25,2020-12-23,4843,2108,1408,32.42
2456.TW,2001-09-26,2021-12-28,4984,1738,1185,27.285
3682.TW,2011-12-01,2023-12-04,2937,1032,1422,32.742
2492.TW,2006-06-30,2026-07-03,4075,90,299,6.885
2498.TW,2006-06-30,2026-07-03,4075,90,299,6.885
3532.TW,2007-08-31,2026-07-03,4058,90,299,6.885
3673.TW,2010-10-29,2026-07-03,3828,90,515,11.858
6456.TW,2015-06-12,2026-07-03,2691,90,1652,38.038
2323.TW,2000-01-04,2026-09-02,6631,29,19,0.437
2342.TW,2000-01-04,2026-09-02,6631,29,19,0.437
2349.TW,2000-01-04,2026-09-02,6631,29,19,0.437
2355.TW,2000-01-04,2026-09-02,6631,29,19,0.437
2373.TW,2000-01-04,2026-09-02,6631,29,19,0.437
2374.TW,2005-09-29,2026-09-02,5134,29,19,0.437
2401.TW,2000-01-04,2026-09-02,6631,29,19,0.437
2439.TW,2000-01-04,2026-09-02,6631,29,19,0.437
2441.TW,2000-10-30,2026-09-02,6417,29,19,0.437
2458.TW,2000-04-13,2026-09-02,6559,29,19,0.437
2485.TW,2000-01-04,2026-09-02,6631,29,19,0.437
2489.TW,2000-01-04,2026-09-02,6631,29,19,0.437
3005.TW,2002-02-26,2026-09-02,6071,29,19,0.437
3019.TW,2002-08-27,2026-09-02,5941,29,19,0.437
3023.TW,2002-08-27,2026-09-02,5941,29,19,0.437
3026.TW,2000-01-14,2026-09-02,6623,29,19,0.437
3035.TW,2000-01-04,2026-09-02,6631,29,19,0.437
3041.TW,2000-01-04,2026-09-02,6631,29,19,0.437
3049.TW,2002-09-30,2026-09-02,5917,29,19,0.437
3059.TW,2002-12-24,2026-09-02,5856,29,19,0.437
3060.TW,2003-04-21,2026-09-02,5772,29,19,0.437
3149.TW,2007-12-31,2026-09-02,4576,29,19,0.437
3376.TW,2007-12-31,2026-09-02,4576,29,19,0.437
3504.TW,2007-01-26,2026-09-02,4801,29,19,0.437
3576.TW,2009-01-12,2026-09-02,4318,29,25,0.576
3714.TW,2021-01-06,2026-09-02,1372,29,2971,68.409
4915.TW,2012-10-03,2026-09-02,3392,29,951,21.897
4919.TW,2010-09-27,2026-09-02,3895,29,448,10.315
4943.TW,2012-07-27,2026-09-02,3439,29,904,20.815
4960.TW,2011-10-24,2026-09-02,3628,29,715,16.463
5203.TW,2004-09-27,2026-09-02,5397,29,19,0.437
6153.TW,2008-01-21,2026-09-02,4562,29,19,0.437
6213.TW,2008-01-21,2026-09-02,4562,29,19,0.437
6269.TW,2003-09-23,2026-09-02,5661,29,19,0.437
6271.TW,2007-11-16,2026-09-02,4607,29,19,0.437
6282.TW,2003-09-08,2026-09-02,5672,29,19,0.437
6285.TW,2003-09-22,2026-09-02,5662,29,19,0.437
6526.TW,2015-07-08,2026-09-02,2717,29,1626,37.44
6531.TW,2015-06-12,2026-09-02,2734,29,1609,37.048
6719.TW,2022-01-14,2026-09-02,1122,29,3221,74.165
8163.TW,2007-11-28,2026-09-02,4599,29,19,0.437
2450.TW,2001-05-25,2026-09-18,6280,13,7,0.161
2328.TW,2000-01-04,2026-09-20,6644,11,7,0.161
2332.TW,2000-01-04,2026-09-20,6644,11,7,0.161
2352.TW,2000-01-04,2026-09-20,6644,11,7,0.161
2353.TW,2006-06-30,2026-09-20,4131,11,244,5.618
2354.TW,2006-06-30,2026-09-20,4131,11,244,5.618
2362.TW,2000-01-04,2026-09-20,6644,11,7,0.161
2377.TW,2006-06-30,2026-09-20,4131,11,244,5.618
2388.TW,2000-01-04,2026-09-20,6644,11,7,0.161
2392.TW,2000-01-04,2026-09-20,6644,11,7,0.161
2393.TW,2000-01-04,2026-09-20,6644,11,7,0.161
2451.TW,2001-05-04,2026-09-20,6296,11,7,0.161
3406.TW,2005-12-20,2026-09-20,5089,11,7,0.161
3622.TW,2009-03-25,2026-09-20,4286,11,58,1.335
6116.TW,2004-09-06,2026-09-20,5425,11,7,0.161
6176.TW,2007-05-15,2026-09-20,4748,11,7,0.161
6409.TW,2013-03-12,2026-09-20,3302,11,1042,23.993
6414.TW,2013-03-12,2026-09-20,3302,11,1042,23.993
8150.TW,2013-04-19,2026-09-20,3276,11,1068,24.591
0050.TW,2009-01-02,2026-10-01,4343,0,1,0.023
0053.TW,2008-01-02,2026-10-01,4597,0,1,0.023
0055.TW,2008-01-02,2026-10-01,4597,0,1,0.023
2059.TW,2008-06-25,2026-10-01,4478,0,1,0.023
2301.TW,2000-01-04,2026-10-01,6650,0,1,0.023
2303.TW,2000-01-04,2026-10-01,6650,0,1,0.023
2308.TW,2000-01-04,2026-10-01,6650,0,1,0.023
2313.TW,2000-01-04,2026-10-01,6650,0,1,0.023
2317.TW,2000-01-03,2026-10-01,6651,0,1,0.023
2324.TW,2000-01-04,2026-10-01,6650,0,1,0.023
2327.TW,2000-01-04,2026-10-01,6650,0,1,0.023
2330.TW,2000-01-04,2026-10-01,6650,0,1,0.023
2337.TW,2000-01-04,2026-10-01,6650,0,1,0.023
2344.TW,2000-01-04,2026-10-01,6650,0,1,0.023
2345.TW,2000-01-04,2026-10-01,6650,0,1,0.023
2347.TW,2000-01-04,2026-10-01,6650,0,1,0.023
2356.TW,2000-01-04,2026-10-01,6650,0,1,0.023
2357.TW,2000-01-04,2026-10-01,6650,0,1,0.023
2360.TW,2000-01-04,2026-10-01,6650,0,1,0.023
2368.TW,2000-01-04,2026-10-01,6650,0,1,0.023
2376.TW,2000-01-04,2026-10-01,6650,0,1,0.023
2379.TW,2000-01-04,2026-10-01,6650,0,1,0.023
2382.TW,2000-01-04,2026-10-01,6650,0,1,0.023
2383.TW,2000-01-04,2026-10-01,6650,0,1,0.023
2385.TW,2000-01-04,2026-10-01,6650,0,1,0.023
2395.TW,2000-01-04,2026-10-01,6650,0,1,0.023
2404.TW,2000-03-14,2026-10-01,6600,0,1,0.023
2408.TW,2000-08-18,2026-10-01,6487,0,1,0.023
2409.TW,2000-09-11,2026-10-01,6471,0,1,0.023
2449.TW,2001-05-10,2026-10-01,6298,0,1,0.023
2454.TW,2001-07-23,2026-10-01,6246,0,1,0.023
2474.TW,2001-09-17,2026-10-01,6206,0,1,0.023
3008.TW,2002-03-11,2026-10-01,6081,0,1,0.023
3017.TW,2002-09-30,2026-10-01,5936,0,1,0.023
3034.TW,2002-08-27,2026-10-01,5960,0,1,0.023
3036.TW,2002-08-27,2026-10-01,5960,0,1,0.023
3037.TW,2002-08-26,2026-10-01,5961,0,1,0.023
3044.TW,2002-08-27,2026-10-01,5960,0,1,0.023
3189.TW,2004-11-01,2026-10-01,5391,0,1,0.023
3231.TW,2003-08-19,2026-10-01,5705,0,1,0.023
3443.TW,2006-11-03,2026-10-01,4879,0,1,0.023
3481.TW,2006-10-24,2026-10-01,4887,0,1,0.023
3533.TW,2007-12-10,2026-10-01,4610,0,1,0.023
3653.TW,2009-11-18,2026-10-01,4126,0,218,5.02
3661.TW,2014-10-28,2026-10-01,2904,0,1440,33.157
3665.TW,2011-04-21,2026-10-01,3775,0,569,13.102
3702.TW,2005-11-09,2026-10-01,5124,0,1,0.023
3706.TW,2013-09-12,2026-10-01,3181,0,1163,26.779
3711.TW,2018-04-30,2026-10-01,2050,0,2294,52.821
4938.TW,2010-06-24,2026-10-01,3980,0,364,8.381
4958.TW,2011-12-26,2026-10-01,3602,0,742,17.085
5269.TW,2012-12-12,2026-10-01,3362,0,982,22.611
6139.TW,2003-08-25,2026-10-01,5701,0,1,0.023
6239.TW,2004-11-08,2026-10-01,5386,0,1,0.023
6415.TW,2013-12-12,2026-10-01,3119,0,1225,28.206
6442.TW,2015-07-14,2026-10-01,2732,0,1612,37.117
6515.TW,2021-01-20,2026-10-01,1381,0,2963,68.225
6669.TW,2019-03-27,2026-10-01,1828,0,2516,57.932
6770.TW,2021-12-06,2026-10-01,1169,0,3175,73.106
6781.TW,2021-03-22,2026-10-01,1346,0,2998,69.031
6789.TW,2022-06-30,2026-10-01,1034,0,3310,76.215
6805.TW,2023-11-09,2026-10-01,702,0,3642,83.859
7769.TW,2025-11-27,2026-10-01,205,0,4139,95.303
8046.TW,2006-04-07,2026-10-01,5025,0,1,0.023
8210.TW,2011-12-01,2026-10-01,3619,0,725,16.694
